,gis,soil
4,000010005,D
6,000010007,D
7,000010008,D
8,000010009,D
16,000010017,A
17,000010018,A
18,000010019,B
19,000010020,B
32,000010033,B
52,000020007,B
68,000020023,C
71,000020026,A
72,000020027,A
74,000020029,B
77,000020032,C
87,000020042,C
102,000020057,C
105,000030001,B
106,000030002,B
107,000030003,B
108,000030004,B
109,000030005,A
112,000040003,A
115,000040006,B
117,000040008,C
118,000040009,C
119,000040010,C
125,000040016,C
131,000050003,C
132,000050004,B
133,000050005,B
134,000050006,B
136,000050008,A
140,000050012,A
165,000060023,B
167,000060025,B
168,000060026,B
169,000060027,B
174,000060032,A
232,000070027,A
233,000070028,A
234,000070029,A
238,000070033,B
239,000070034,B
244,000070039,C
276,000080001,C
277,000080002,C
279,000080004,B
280,000080005,B
282,000080007,A
284,000080009,A
287,000080012,C
290,000080015,A
300,000090002,A
301,000090003,A
302,000090004,B
303,000090005,B
304,000090006,B
305,000090007,C
306,000090008,C
323,000100004,C
324,000100005,C
331,000100012,A
336,000100017,D
360,000110001,A
361,000110002,A
372,000120010,A
373,000120011,A
375,000120013,B
376,000120014,B
380,000120018,C
381,000120019,C
405,000130005,C
406,000130006,C
407,000130007,C
409,000130009,A
414,000130014,A
415,000130015,A
421,000130021,D
435,000140004,B
436,000140005,B
437,000140006,B
441,000140010,A
442,000140011,A
444,000140013,B
445,000140014,B
447,000140016,B
452,000140021,B
454,000150001,C
455,000150002,C
456,000150003,C
458,000150005,D
459,000150006,D
460,000160001,C
462,000160003,C
463,000160004,C
468,000160009,B
472,000160013,B
473,000160014,B
475,000160016,C
477,000160018,B
480,000160021,B
487,000170006,C
495,000170014,C
496,000170015,C
497,000170016,C
502,000170021,B
505,000170024,B
511,000170030,C
516,000170035,B
523,000180001,D
524,000180002,A
525,000180003,A
526,000180004,A
530,000190001,A
531,000190002,A
546,000200013,C
547,000200014,C
550,000200017,A
553,000200020,B
556,000200023,B
559,000200026,C
568,000200035,B
572,000210001,A
573,000210002,A
574,000210003,A
575,000210004,C
576,000210005,A
577,000210006,A
578,000210007,D
579,000210008,A
595,000220012,D
602,000220019,D
607,000220024,A
612,000220029,C
613,000220030,C
617,000220034,C
619,000220036,B
626,000220043,C
629,000230001,A
631,000230003,A
651,000250013,B
652,000250014,B
654,000250016,C
655,000250017,C
677,000260001,A
682,000270001,A
686,000280002,C
688,000280004,C
689,000280005,D
691,000280007,C
693,000280009,B
695,000280011,C
696,000280012,D
697,000280013,B
699,000280015,C
701,000280017,B
706,000310001,A
707,000310002,A
708,000310003,A
709,000320001,A
710,000330001,A
711,000330002,A
712,000330003,A
714,000340002,B
716,000340004,B
721,000340009,B
724,000340012,B
727,000350001,A
728,000360001,B
729,000360002,B
730,000360003,C
731,000360004,D
732,000360005,D
739,000380001,A
741,000390001,A
743,000390003,A
757,000400001,A
769,000420001,A
771,000430001,A
778,000440002,C
779,000440003,C
780,000440004,C
781,000440005,C
783,000440007,D
785,000440009,C
786,000440010,C
787,000440011,C
789,000440013,D
793,000450003,D
794,000450004,D
798,000450008,A
800,000450010,C
801,000450011,C
803,000450013,D
804,000450014,D
877,000530007,A
879,000530009,B
880,000530010,B
882,000530012,C
883,000530013,C
901,000540003,C
902,000540004,C
903,000540005,C
904,000540006,C
905,000540007,C
906,000540008,A
919,000550003,B
921,000550005,C
922,000550006,D
923,000550007,B
924,000550008,C
925,000550009,C
929,000550013,C
930,000550014,D
931,000550015,B
932,000550016,C
934,000560001,C
935,000560002,C
936,000560003,C
937,000560004,C
940,000560007,C
941,000560008,C
943,000560010,C
946,000580001,C
947,000580002,C
949,000580004,C
952,000580007,C
954,000580009,D
956,000580011,C
958,000580013,D
960,000580015,B
963,000590001,C
965,000590003,C
966,000590004,C
976,000600004,A
977,000600005,A
978,000600006,A
980,000600008,B
982,000610002,C
983,000610003,C
984,000610004,A
985,000610005,A
987,000610007,B
988,000610008,C
989,000610009,A
1003,000620013,C
1006,000620016,A
1007,000620017,A
1008,000620018,A
1013,000620023,C
1016,000620026,C
1019,000620029,B
1028,000620038,C
1046,000630001,A
1047,000630002,A
1048,000630003,A
1049,000630004,C
1050,000630005,C
1051,000630006,C
1052,000630007,C
1053,000630008,A
1054,000640001,A
1055,000640002,A
1056,000640003,C
1077,000680001,A
1078,000680002,C
1079,000680003,C
1080,000680004,A
1092,000690004,C
1093,000690005,C
1098,000690010,C
1100,000690012,B
1102,000690014,A
1105,000690017,C
1120,000700010,C
1139,000700029,C
1141,000700031,B
1148,000700038,C
1149,000700039,C
1160,000710001,D
1161,000710002,C
1162,000710003,C
1163,000710004,C
1164,000710005,B
1165,000710006,B
1166,000710007,A
1170,000720002,C
1171,000720003,C
1172,000720004,C
1174,000720006,C
1181,000730002,C
1182,000730003,C
1184,000730005,C
1185,000730006,C
1190,000750001,C
1192,000750003,C
1193,000750004,C
1194,000750005,A
1195,000750006,A
1196,000750007,A
1197,000750008,A
1201,000760001,C
1202,000760002,A
1218,000780002,A
1226,000780010,A
1227,000780011,A
1228,000780012,A
1230,000780014,B
1233,000790001,A
1234,000790002,A
1235,000790003,A
1236,000790004,A
1237,000790005,D
1238,000800001,C
1240,000800003,C
1241,000800004,C
1243,000800006,C
1244,000800007,C
1246,000800009,C
1247,000800010,A
1251,000810001,C
1252,000810002,A
1253,000810003,C
1254,000810004,C
1255,000810005,B
1259,000820002,A
1261,000820004,C
1262,000820005,C
1266,000820009,A
1267,000820010,A
1268,000820011,C
1270,000820013,C
1271,000820014,C
1278,000830001,C
1279,000830002,C
1293,000870001,A
1294,000870002,A
1295,000870003,A
1296,000870004,A
1297,000870005,B
1304,000890001,C
1305,000890002,C
1306,000890003,C
1307,000890004,C
1337,000960002,C
1340,000960005,A
1343,000960008,B
1346,000960011,C
1348,000960013,A
1349,000960014,A
1352,000960017,B
1361,000970001,A
1362,000970002,A
1363,000970003,A
1364,000970004,A
1365,000970005,A
1369,000980004,A
1370,000980005,A
1377,000980012,A
1378,000980013,A
1385,000980020,A
1389,000990001,D
1390,000990002,A
1391,000990003,A
1392,000990004,A
1398,001010001,C
1399,001010002,C
1400,001010003,C
1401,001010004,A
1402,001010005,A
1404,001010007,B
1405,001010008,C
1407,001010010,B
1409,001020002,A
1410,001020003,A
1411,001020004,A
1414,001020007,B
1416,001020009,A
1418,001020011,B
1427,001050001,C
1428,001050002,C
1429,001050003,A
1430,001050004,A
1436,001070001,A
1437,001070002,A
1438,001070003,B
1439,001070004,B
1440,001080001,A
1441,001080002,A
1442,001080003,A
1443,001080004,B
1444,001080005,A
1445,001080006,B
1449,001090004,B
1450,001090005,B
1453,001090008,C
1457,001090012,C
1460,001090015,B
1462,001090017,C
1463,001090018,C
1475,001100001,A
1481,001110003,C
1482,001110004,C
1483,001110005,C
1485,001110007,A
1487,001110009,B
1488,001110010,B
1491,001110013,C
1494,001110016,B
1497,001120001,B
1499,001140001,A
1500,001140002,A
1501,001140003,B
1502,001140004,A
1503,001140005,A
1523,001170005,C
1528,001170010,C
1533,001170015,C
1535,001170017,D
1537,001170019,A
1538,001170020,A
1540,001170022,C
1545,001170027,C
1554,001180001,A
1555,001180002,A
1557,001180004,C
1558,001180005,C
1559,001180006,A
1560,001180007,A
1561,001180008,A
1570,001190008,C
1571,001190009,A
1572,001190010,A
1574,001190012,B
1575,001190013,B
1576,001190014,C
1578,001190016,A
1579,001190017,C
1584,001200001,A
1585,001210001,C
1586,001210002,C
1594,001220001,C
1595,001220002,C
1596,001220003,C
1599,001230003,B
1609,001230013,C
1610,001230014,B
1612,001230016,A
1615,001230019,B
1618,001230022,C
1621,001230025,C
1625,001240001,C
1626,001240002,C
1627,001250001,B
1628,001250002,C
1629,001250003,C
1630,001250004,C
1631,001260001,C
1632,001260002,C
1633,001260003,C
1634,001260004,C
1635,001260005,C
1636,001260006,C
1637,001260007,A
1638,001260008,B
1639,001260009,B
1640,001270001,C
1641,001270002,C
1642,001270003,C
1643,001280001,C
1644,001280002,B
1645,001280003,B
1646,001280004,C
1647,001280005,C
1648,001280006,C
1651,001290002,C
1656,001290007,C
1657,001290008,C
1677,001290028,C
1682,001290033,D
1684,001290035,A
1693,001290044,C
1697,001290048,C
1699,001290050,D
1719,001300013,C
1724,001300018,D
1733,001300027,C
1735,001300029,D
1740,001310004,C
1741,001310005,C
1742,001310006,C
1743,001310007,C
1744,001310008,C
1749,001320001,C
1750,001320002,C
1751,001320003,C
1752,001320004,C
1757,001330005,C
1758,001330006,C
1760,001330008,A
1761,001330009,A
1762,001330010,A
1770,001340001,C
1771,001340002,C
1773,001340004,B
1774,001340005,B
1776,001340007,C
1778,001340009,B
1779,001350001,C
1784,001360001,D
1785,001360002,C
1786,001360003,C
1787,001360004,C
1790,001370001,C
1791,001370002,C
1792,001370003,C
1793,001370004,C
1794,001370005,B
1795,001370006,B
1796,001370007,B
1797,001380001,B
1798,001380002,B
1799,001380003,B
1800,001380004,C
1801,001380005,C
1802,001390001,C
1803,001390002,C
1804,001400001,C
1805,001400002,C
1806,001400003,C
1807,001400004,C
1808,001410001,C
1809,001410002,C
1810,001410003,A
1811,001410004,A
1886,001450001,C
1887,001450002,C
1888,001450003,C
1889,001450004,C
1890,001460001,C
1891,001460002,C
1892,001460003,C
1893,001460004,C
1894,001460005,C
1900,001470004,C
1906,001470010,C
1908,001470012,D
1910,001470014,D
1912,001470016,B
1920,001470024,B
1936,001480014,C
1940,001480018,C
1942,001480020,D
1944,001480022,D
1946,001480024,B
1949,001480027,D
1950,001480028,D
1952,001480030,B
1955,001500001,C
1956,001500002,C
1957,001500003,C
1958,001500004,C
1959,001500005,C
1960,001510001,C
1961,001510002,C
1962,001510003,A
1963,001510004,A
1969,001520005,C
1974,001520010,C
1975,001520011,C
1976,001520012,C
1977,001520013,A
1978,001520014,A
1981,001520017,B
1990,001530001,C
1993,001540001,C
1994,001540002,C
1995,001540003,C
1996,001540004,C
2000,001550001,A
2001,001550002,A
2008,001580001,A
2009,001580002,A
2011,001590001,C
2012,001590002,C
2013,001590003,C
2036,001620001,A
2037,001620002,A
2043,001650001,C
2053,001670001,A
2054,001670002,A
2058,001680004,C
2059,001680005,C
2061,001680007,C
2064,001680010,A
2067,001680013,C
2068,001680014,C
2069,001680015,B
2070,001680016,B
2072,001680018,A
2073,001680019,A
2107,001740002,C
2108,001740003,C
2110,001740005,B
2112,001740007,B
2135,001770001,B
2136,001770002,B
2137,001770003,A
2138,001770004,A
2139,001770005,B
2140,001770006,B
2141,001770007,B
2142,001770008,A
2143,001770009,A
2158,001810001,B
2159,001810002,B
2160,001810003,B
2161,001810004,B
2176,001830010,B
2177,001830011,B
2187,001840001,B
2188,001840002,B
2189,001840003,C
2223,001900001,D
2224,001900002,D
2231,001910001,B
2232,001910002,B
2241,001920001,C
2257,001940002,A
2259,001940004,A
2275,001950003,C
2276,001950004,C
2288,001950016,C
2289,001950017,C
2291,001950019,D
2299,001950027,C
2302,001950030,B
2305,001950033,D
2309,001970001,B
2325,001980007,C
2332,001980014,C
2341,001980023,C
2345,001980027,D
2347,001980029,B
2360,001980042,C
2364,001980046,B
2375,001990001,A
2384,002020002,C
2389,002020007,A
2390,002020008,A
2394,002020012,B
2395,002020013,B
2397,002020015,C
2398,002020016,C
2426,002030015,C
2428,002030017,A
2430,002030019,C
2431,002030020,C
2433,002030022,B
2434,002030023,B
2440,002030029,C
2460,002040002,B
2461,002040003,B
2464,002040006,B
2476,002050003,B
2477,002050004,B
2479,002050006,A
