,hru,soil
2500,000010001,D
2507,000010008,C
2508,000010009,C
2517,000010018,D
2524,000010025,D
2525,000010026,D
2528,000010029,C
2529,000010030,C
2532,000020003,D
2533,000020004,D
2536,000020007,C
2540,000020011,D
2541,000020012,C
2544,000020015,D
2546,000020017,D
2552,000020023,C
2553,000020024,D
2554,000020025,D
2558,000020029,D
2564,000030006,C
2590,000030032,D
2595,000030037,C
2602,000030044,C
2605,000030047,C
2609,000030051,D
2611,000030053,D
2613,000030055,D
2627,000040006,D
2628,000040007,C
2632,000040011,D
2635,000040014,D
2643,000040022,D
2646,000040025,D
2647,000040026,D
2653,000040032,D
2659,000040038,D
2660,000040039,D
2663,000040042,C
2667,000050001,D
2673,000050007,C
2674,000050008,C
2676,000050010,D
2677,000050011,D
2679,000050013,D
2680,000050014,D
2682,000050016,D
2683,000050017,D
2692,000060006,B
2695,000060009,C
2701,000060015,C
2704,000060018,D
2705,000060019,C
2711,000060025,B
2712,000060026,B
2715,000060029,C
2723,000070004,C
2726,000070007,C
2730,000070011,D
2735,000070016,C
2741,000070022,B
2745,000070026,C
2748,000070029,D
2750,000080002,C
2756,000080008,D
2764,000080016,C
2767,000080019,D
2770,000080022,C
2771,000080023,C
2772,000080024,D
2775,000080027,C
2777,000080029,D
2779,000080031,D
2797,000080049,C
2798,000090001,D
2800,000090003,D
2801,000090004,C
2805,000090008,C
2806,000090009,C
2807,000090010,C
2809,000090012,D
2811,000090014,D
2821,000090024,C
2822,000090025,C
2824,000100001,D
2827,000100004,D
2828,000100005,D
2832,000100009,D
2833,000100010,D
2836,000100013,D
2837,000100014,D
2840,000100017,C
2842,000100019,D
2844,000100021,D
2848,000110001,C
2857,000110010,D
2864,000110017,D
2865,000110018,D
2868,000110021,C
2871,000110024,B
2872,000110025,B
2876,000110029,C
2878,000110031,D
2880,000120001,D
2881,000120002,D
2883,000120004,D
2884,000120005,D
2887,000120008,D
2888,000120009,D
2893,000130005,A
2899,000130011,D
2900,000130012,D
2902,000130014,C
2904,000130016,D
2905,000130017,D
2906,000130018,D
2907,000130019,D
2916,000140002,D
2917,000140003,D
2922,000140008,D
2923,000140009,D
2925,000140011,D
2926,000140012,D
2929,000150003,C
2931,000150005,D
2935,000150009,D
2941,000150015,C
2945,000150019,C
2957,000150031,C
2965,000150039,D
2976,000150050,C
2985,000160005,B
2987,000160007,D
2990,000160010,D
2993,000160013,C
3007,000160027,D
3008,000160028,D
3011,000160031,D
3012,000160032,D
3014,000160034,C
3019,000160039,D
3023,000170002,D
3026,000170005,D
3027,000170006,D
3028,000170007,D
3031,000170010,D
3040,000170019,D
3042,000170021,D
3050,000170029,D
3051,000170030,D
3055,000170034,C
3056,000170035,C
3077,000180017,D
3087,000180027,D
3088,000180028,D
3092,000180032,A
3094,000180034,A
3095,000180035,D
3097,000180037,D
3107,000180047,C
3108,000180048,C
3112,000190001,C
3113,000190002,C
3125,000190014,D
3127,000190016,C
3128,000190017,C
3130,000190019,D
3131,000190020,D
3132,000190021,D
3134,000190023,D
3136,000190025,D
3139,000190028,D
3151,000200003,D
3161,000200013,D
3162,000200014,D
3164,000200016,C
3165,000200017,C
3166,000200018,A
3173,000200025,C
3176,000200028,D
3177,000200029,D
3184,000200036,C
3185,000200037,C
3190,000210001,D
3197,000210008,D
3206,000210017,D
3211,000210022,D
3212,000210023,D
3229,000210040,D
3231,000210042,C
3232,000210043,C
3236,000210047,D
3237,000220001,C
3238,000220002,C
3241,000220005,C
3243,000220007,C
3244,000220008,C
3245,000220009,C
3246,000220010,C
3247,000220011,A
3248,000220012,A
3249,000220013,D
3254,000230004,C
3256,000230006,C
3259,000230009,C
3265,000230015,C
3270,000230020,C
3271,000230021,C
3272,000230022,C
3274,000230024,D
3275,000230025,D
3277,000230027,A
3278,000230028,D
3279,000230029,D
3289,000240010,D
3290,000240011,D
3296,000240017,D
3297,000240018,D
3298,000240019,D
3302,000240023,D
3303,000240024,D
3305,000240026,D
3306,000240027,D
3307,000240028,D
3308,000240029,D
3313,000250002,D
3315,000250004,C
3316,000250005,C
3326,000250015,C
3333,000250022,C
3335,000250024,C
3338,000250027,C
3348,000250037,C
3349,000250038,C
3351,000260001,C
3352,000260002,C
3355,000260005,C
3360,000260010,C
3361,000260011,C
3362,000260012,C
3363,000260013,A
3364,000260014,A
3366,000260016,D
3377,000270011,C
3397,000270031,C
3406,000270040,C
3408,000270042,C
3410,000270044,C
3411,000270045,C
3414,000270048,C
3416,000270050,D
3417,000280001,D
3418,000280002,D
3420,000280004,D
3421,000280005,D
3424,000280008,D
3425,000280009,D
3430,000280014,D
3433,000280017,D
3443,000290006,D
3446,000290009,C
3466,000290029,D
3469,000290032,D
3483,000290046,D
3487,000290050,D
3504,000290067,B
3505,000290068,B
3510,000300002,D
3511,000300003,C
3512,000300004,C
3513,000300005,A
3514,000300006,A
3515,000300007,D
3516,000300008,D
3517,000300009,D
3518,000300010,D
3520,000310002,D
3521,000310003,D
3525,000310007,C
3528,000310010,C
3530,000310012,A
3532,000310014,A
3535,000310017,D
3539,000310021,C
3540,000310022,C
3543,000310025,D
3544,000320001,B
3551,000320008,D
3552,000320009,D
3553,000320010,B
3574,000320031,B
3578,000320035,D
3604,000320061,B
3605,000320062,B
3610,000330001,C
3611,000330002,C
3613,000330004,D
3614,000330005,D
3624,000330015,C
3627,000330018,C
3637,000330028,C
3639,000330030,C
3640,000330031,C
3642,000330033,C
3650,000340002,D
3651,000340003,D
3652,000340004,D
3653,000340005,D
3655,000340007,D
3658,000340010,D
3660,000340012,D
3694,000350001,D
3700,000350007,D
3718,000350025,D
3722,000350029,D
3723,000350030,D
3725,000350032,C
3726,000350033,C
3727,000350034,C
3728,000350035,C
3732,000350039,C
3734,000350041,C
3735,000350042,C
3738,000360003,C
3747,000360012,C
3750,000360015,D
3751,000360016,C
3752,000360017,C
3755,000360020,A
3756,000360021,A
3757,000360022,D
3758,000360023,D
3760,000360025,D
3761,000360026,D
3762,000360027,C
3764,000360029,C
3775,000370002,D
3776,000370003,D
3777,000370004,C
3778,000370005,C
3785,000370012,C
3790,000370017,D
3794,000370021,C
3809,000380009,A
3810,000380010,A
3812,000380012,D
3813,000380013,D
3823,000390001,D
3828,000390006,C
3833,000390011,B
3836,000390014,D
3848,000390026,D
3858,000390036,D
3859,000390037,C
3861,000390039,C
3862,000390040,C
3863,000390041,C
3865,000390043,D
3878,000390056,C
3899,000400008,C
3900,000400009,C
3901,000400010,A
3902,000400011,A
3904,000400013,A
3909,000400018,D
3910,000400019,A
3916,000410001,D
3931,000410016,C
3933,000410018,D
3934,000410019,D
3937,000410022,C
3938,000410023,C
3939,000410024,A
3940,000410025,A
3949,000410034,C
3957,000420001,D
3959,000420003,D
3964,000420008,D
3965,000420009,D
3969,000420013,D
3970,000420014,D
3978,000420022,D
3979,000420023,D
3981,000420025,C
3982,000420026,C
3988,000430005,A
3989,000430006,A
3992,000430009,C
3993,000430010,C
3994,000430011,A
3995,000430012,A
3999,000430016,D
4001,000440002,C
4009,000440010,C
4010,000440011,C
4013,000440014,D
4014,000440015,D
4015,000440016,C
4016,000440017,C
4017,000440018,A
4018,000440019,A
4019,000440020,C
4025,000450001,B
4029,000450005,D
4031,000450007,B
4032,000450008,B
4038,000450014,B
4039,000450015,B
4042,000460003,B
4044,000460005,D
4052,000460013,B
4053,000460014,B
4056,000460017,D
4059,000460020,B
4064,000460025,B
4066,000460027,B
4070,000470001,D
4071,000470002,D
4072,000470003,D
4073,000470004,D
4091,000480012,D
4100,000480021,D
4101,000480022,D
4104,000480025,C
4105,000480026,C
4106,000490001,A
4113,000490008,A
4114,000490009,A
4115,000490010,D
4116,000490011,D
4117,000490012,A
4118,000490013,A
4125,000500007,C
4131,000500013,C
4132,000500014,C
4135,000500017,D
4136,000500018,D
4138,000500020,C
4139,000500021,C
4140,000500022,A
4141,000500023,A
4159,000510001,C
4175,000510017,C
4178,000510020,C
4183,000510025,D
4184,000510026,C
4186,000510028,C
4188,000510030,A
4189,000510031,A
4207,000520002,D
4208,000520003,D
4210,000520005,D
4212,000520007,C
4215,000520010,D
4216,000520011,D
4217,000520012,D
4218,000520013,D
4227,000530002,D
4228,000530003,D
4230,000530005,A
4231,000530006,A
4242,000530017,D
4243,000530018,D
4246,000530021,A
4248,000530023,C
4249,000530024,C
4250,000540001,D
4251,000540002,D
4252,000540003,D
4253,000540004,D
4264,000550011,D
4266,000550013,D
4267,000550014,D
4268,000550015,D
4269,000550016,D
4277,000560002,D
4278,000560003,D
4279,000560004,C
4281,000560006,C
4297,000560022,D
4300,000560025,C
4308,000560033,D
4309,000560034,C
4311,000560036,C
4312,000560037,C
4313,000560038,C
4318,000560043,C
4327,000570001,D
4328,000570002,D
4329,000570003,D
4330,000570004,D
4331,000570005,A
4332,000570006,A
4333,000580001,D
4334,000580002,D
4337,000580005,D
4338,000580006,D
4339,000590001,D
4347,000590009,D
4348,000590010,D
4349,000590011,D
4350,000590012,D
4351,000590013,D
4352,000590014,D
4353,000600001,D
4354,000600002,D
4356,000600004,D
4357,000600005,D
4360,000600008,D
4361,000600009,D
4367,000610002,A
4368,000610003,D
4369,000610004,D
4370,000610005,A
4371,000610006,A
4373,000610008,A
4389,000620007,D
4390,000620008,D
4393,000620011,C
4395,000620013,A
4396,000620014,A
4397,000620015,D
4398,000620016,D
4403,000620021,C
4410,000630001,D
4411,000630002,D
4413,000630004,D
4414,000630005,D
4419,000640001,D
4421,000640003,A
4422,000640004,A
4423,000640005,D
4424,000640006,D
4425,000640007,D
4426,000640008,D
4427,000640009,A
4428,000640010,A
4429,000650001,D
4430,000650002,D
4431,000650003,D
4432,000650004,D
4433,000650005,D
4434,000650006,D
4435,000650007,D
4436,000650008,D
4445,000660003,D
4449,000660007,D
4450,000660008,D
4451,000660009,D
4452,000660010,D
4454,000660012,D
4458,000670002,A
4459,000670003,A
4460,000670004,A
4462,000670006,D
4463,000670007,D
4470,000680001,C
4471,000680002,C
4472,000680003,C
4474,000680005,C
4475,000680006,A
4476,000680007,A
4478,000680009,D
4479,000680010,D
4507,000690018,C
4509,000690020,C
4510,000690021,C
4512,000690023,C
4513,000690024,C
4514,000690025,A
4515,000690026,A
4532,000700003,D
4533,000700004,C
4534,000700005,C
4541,000700012,D
4544,000700015,C
4549,000700020,D
4550,000700021,C
4551,000700022,C
4554,000700025,D
4555,000700026,D
4561,000710003,D
4562,000710004,C
4563,000710005,C
4568,000710010,C
4571,000710013,A
4572,000710014,A
4574,000710016,A
4579,000710021,D
4580,000710022,D
4581,000710023,C
4582,000710024,C
4584,000720001,D
4585,000720002,D
4588,000720005,D
4589,000720006,D
4594,000730001,C
4596,000730003,C
4597,000730004,C
4598,000730005,C
4599,000730006,A
4600,000730007,A
4603,000730010,D
4604,000730011,D
4606,000730013,C
4610,000740002,C
4611,000740003,C
4612,000740004,A
4613,000740005,A
4614,000740006,D
4626,000740018,D
4627,000740019,D
4639,000750004,D
4651,000750016,D
4658,000750023,D
4659,000750024,C
4660,000750025,C
4665,000750030,C
4666,000750031,C
4668,000750033,A
4669,000750034,A
4673,000750038,B
4684,000750049,B
4709,000760020,D
4713,000760024,C
4715,000760026,D
4716,000760027,D
4717,000760028,C
4718,000760029,C
4720,000760031,A
4721,000760032,A
4724,000770001,C
4725,000770002,C
4729,000770006,D
4730,000770007,D
4733,000770010,C
4734,000770011,C
4735,000770012,D
4736,000770013,D
4740,000770017,C
4751,000780003,D
4752,000780004,C
4753,000780005,C
4756,000780008,A
4757,000780009,A
4758,000780010,D
4759,000780011,D
4760,000780012,D
4766,000780018,D
4767,000780019,D
4781,000790008,D
4786,000790013,D
4787,000790014,D
4788,000790015,C
4790,000790017,A
4791,000790018,A
4793,000790020,D
4794,000790021,D
4808,000800001,A
4814,000800007,A
4821,000800014,A
4822,000800015,A
4824,000800017,D
4838,000810007,D
4839,000810008,D
4841,000810010,D
4842,000810011,D
4844,000810013,D
4856,000820001,C
4857,000820002,C
4860,000820005,A
4861,000820006,D
4862,000820007,D
4863,000820008,C
4865,000820010,A
4867,000820012,D
4869,000830001,D
4875,000840001,D
4876,000840002,D
4877,000840003,D
4878,000840004,D
4889,000850007,B
4908,000850026,D
4909,000850027,D
4913,000850031,C
4915,000850033,C
4919,000850037,D
4928,000850046,D
4929,000850047,D
4934,000860001,D
4947,000860014,D
4960,000860027,D
4962,000860029,C
4964,000860031,D
4966,000860033,D
4969,000860036,D
4970,000860037,C
4971,000860038,C
4978,000870006,D
4979,000870007,D
4980,000870008,C
4981,000870009,C
4984,000870012,D
4985,000870013,D
4989,000870017,D
4990,000870018,D
5007,000880010,D
5008,000880011,D
5009,000880012,C
5013,000880016,D
5014,000880017,D
5015,000880018,C
5017,000880020,C
5018,000880021,A
5019,000880022,A
5044,000890009,C
5045,000890010,C
5046,000890011,C
5047,000890012,C
5049,000890014,D
5050,000890015,D
5051,000890016,D
5061,000890026,D
5062,000900001,C
5063,000900002,C
5065,000900004,D
5067,000900006,D
5068,000900007,C
5069,000900008,C
5070,000900009,A
5071,000900010,A
5074,000900013,D
5080,000900019,C
5091,000910011,C
5092,000910012,C
5093,000910013,C
5094,000910014,C
5095,000910015,D
5096,000910016,D
5099,000910019,D
5100,000910020,D
5102,000910022,D
5114,000910034,D
5117,000920001,C
5119,000920003,D
5120,000920004,D
5121,000920005,C
5122,000920006,C
5123,000920007,D
5124,000920008,D
5125,000920009,D
5130,000920014,D
5132,000930002,D
5136,000930006,D
5156,000930026,D
5161,000930031,D
5163,000930033,D
5167,000930037,D
5172,000930042,B
5193,000940001,C
5194,000940002,C
5196,000940004,D
5198,000940006,C
5199,000940007,D
5203,000950001,C
5204,000950002,C
5205,000950003,D
5206,000950004,D
5207,000950005,D
5208,000950006,D
5210,000950008,C
5212,000950010,D
5214,000950012,D
5222,000960002,C
5223,000960003,C
5224,000960004,D
5226,000960006,A
5228,000960008,D
5229,000960009,D
5231,000960011,D
5233,000960013,D
5241,000960021,D
5258,000970015,D
5259,000970016,D
5261,000970018,C
5262,000970019,C
5263,000970020,D
5265,000970022,D
5272,000970029,C
5277,000980001,D
5279,000980003,D
5280,000980004,D
5281,000980005,D
5282,000980006,D
5283,000980007,D
5284,000980008,D
5285,000980009,D
5287,000980011,D
5289,000990001,C
5290,000990002,C
5291,000990003,D
5292,000990004,D
5293,000990005,D
5294,000990006,D
5295,000990007,D
5296,000990008,D
5297,000990009,D
5299,001000001,D
5300,001000002,D
5302,001000004,D
5305,001010003,D
5306,001010004,D
5307,001010005,D
5308,001010006,D
5315,001020003,D
5316,001020004,D
5317,001020005,D
5318,001020006,D
5325,001030003,D
5326,001030004,D
5328,001030006,D
5329,001030007,D
5330,001030008,D
5335,001040001,D
5336,001040002,D
5340,001040006,C
5342,001040008,A
5343,001040009,A
5351,001050004,D
5363,001050016,B
5374,001050027,D
5375,001050028,D
5379,001050032,D
5381,001050034,D
5387,001050040,B
5388,001050041,B
5398,001050051,D
5413,001050066,D
5417,001060001,A
5418,001060002,A
5419,001060003,D
5420,001060004,D
5422,001060006,D
5424,001060008,A
5428,001070002,D
5429,001070003,D
5430,001070004,C
5431,001070005,C
5432,001070006,A
5434,001070008,D
5440,001080001,D
5444,001080005,D
5445,001080006,D
5448,001080009,D
5450,001080011,D
5454,001080015,D
