2001-01-01,0.0
2001-01-02,0.0
2001-01-03,0.0
2001-01-04,0.0
2001-01-05,0.0
2001-01-06,0.0
2001-01-07,0.0
2001-01-08,0.0
2001-01-09,0.0
2001-01-10,0.0
2001-01-11,0.0
2001-01-12,0.0
2001-01-13,0.0
2001-01-14,0.0
2001-01-15,0.0
2001-01-16,0.0
2001-01-17,0.0
2001-01-18,0.0
2001-01-19,8.93e-05
2001-01-20,0.000153
2001-01-21,2.57e-05
2001-01-22,0.0
2001-01-23,6.51e-05
2001-01-24,0.0
2001-01-25,0.0
2001-01-26,0.0
2001-01-27,1.36e-06
2001-01-28,0.0
2001-01-29,0.0
2001-01-30,0.017
2001-01-31,0.0119
2001-02-01,0.0181
2001-02-02,0.0376
2001-02-03,0.0709
2001-02-04,0.114
2001-02-05,0.158
2001-02-06,0.194
2001-02-07,0.216
2001-02-08,0.223
2001-02-09,0.475
2001-02-10,0.462
2001-02-11,0.523
2001-02-12,0.643
2001-02-13,0.797
2001-02-14,0.945
2001-02-15,1.05
2001-02-16,1.11
2001-02-17,1.12
2001-02-18,1.1
2001-02-19,1.05
2001-02-20,0.987
2001-02-21,0.912
2001-02-22,0.83
2001-02-23,0.747
2001-02-24,0.667
2001-02-25,0.783
2001-02-26,0.929
2001-02-27,1.16
2001-02-28,1.41
2001-03-01,1.64
2001-03-02,1.8
2001-03-03,1.89
2001-03-04,1.91
2001-03-05,1.88
2001-03-06,1.81
2001-03-07,1.74
2001-03-08,1.66
2001-03-09,1.59
2001-03-10,1.53
2001-03-11,1.48
2001-03-12,1.43
2001-03-13,1.4
2001-03-14,1.38
2001-03-15,1.35
2001-03-16,1.33
2001-03-17,1.3
2001-03-18,1.27
2001-03-19,1.24
2001-03-20,1.2
2001-03-21,1.17
2001-03-22,1.14
2001-03-23,1.11
2001-03-24,1.08
2001-03-25,1.06
2001-03-26,1.03
2001-03-27,0.996
2001-03-28,0.964
2001-03-29,0.932
2001-03-30,0.9
2001-03-31,0.867
2001-04-01,0.837
2001-04-02,0.81
2001-04-03,0.788
2001-04-04,0.769
2001-04-05,0.759
2001-04-06,0.757
2001-04-07,0.763
2001-04-08,0.777
2001-04-09,0.806
2001-04-10,0.842
2001-04-11,0.879
2001-04-12,0.907
2001-04-13,0.921
2001-04-14,0.919
2001-04-15,0.903
2001-04-16,0.876
2001-04-17,0.841
2001-04-18,0.799
2001-04-19,0.753
2001-04-20,0.708
2001-04-21,0.667
2001-04-22,0.634
2001-04-23,0.619
2001-04-24,0.621
2001-04-25,0.644
2001-04-26,0.683
2001-04-27,0.727
2001-04-28,0.769
2001-04-29,0.804
2001-04-30,0.827
2001-05-01,0.838
2001-05-02,0.842
2001-05-03,0.836
2001-05-04,0.827
2001-05-05,0.817
2001-05-06,0.806
2001-05-07,0.798
2001-05-08,0.79
2001-05-09,0.786
2001-05-10,0.783
2001-05-11,0.785
2001-05-12,0.796
2001-05-13,0.821
2001-05-14,0.858
2001-05-15,0.909
2001-05-16,1.84
2001-05-17,4.91
2001-05-18,15.0
2001-05-19,19.7
2001-05-20,15.5
2001-05-21,14.2
2001-05-22,14.6
2001-05-23,12.8
2001-05-24,10.7
2001-05-25,9.92
2001-05-26,9.23
2001-05-27,8.56
2001-05-28,7.98
2001-05-29,7.36
2001-05-30,6.82
2001-05-31,6.35
2001-06-01,6.0
2001-06-02,5.77
2001-06-03,5.7
2001-06-04,5.72
2001-06-05,5.79
2001-06-06,5.91
2001-06-07,6.04
2001-06-08,6.15
2001-06-09,6.19
2001-06-10,6.17
2001-06-11,6.09
2001-06-12,5.96
2001-06-13,5.76
2001-06-14,5.52
2001-06-15,5.26
2001-06-16,5.0
2001-06-17,4.77
2001-06-18,4.56
2001-06-19,4.36
2001-06-20,4.19
2001-06-21,4.02
2001-06-22,3.86
2001-06-23,3.72
2001-06-24,3.59
2001-06-25,3.46
2001-06-26,3.34
2001-06-27,3.21
2001-06-28,3.09
2001-06-29,2.96
2001-06-30,2.85
2001-07-01,2.75
2001-07-02,2.66
2001-07-03,2.59
2001-07-04,2.53
2001-07-05,2.47
2001-07-06,2.42
2001-07-07,2.37
2001-07-08,2.33
2001-07-09,2.29
2001-07-10,2.26
2001-07-11,2.22
2001-07-12,2.19
2001-07-13,2.16
2001-07-14,2.13
2001-07-15,2.1
2001-07-16,2.07
2001-07-17,2.05
2001-07-18,2.03
2001-07-19,2.02
2001-07-20,2.03
2001-07-21,2.04
2001-07-22,2.04
2001-07-23,2.04
2001-07-24,2.02
2001-07-25,2.0
2001-07-26,1.97
2001-07-27,1.93
2001-07-28,1.9
2001-07-29,1.86
2001-07-30,1.84
2001-07-31,1.87
2001-08-01,1.92
2001-08-02,1.98
2001-08-03,2.02
2001-08-04,2.04
2001-08-05,2.01
2001-08-06,1.97
2001-08-07,1.91
2001-08-08,1.84
2001-08-09,1.78
2001-08-10,1.72
2001-08-11,1.67
2001-08-12,1.63
2001-08-13,1.59
2001-08-14,1.57
2001-08-15,1.54
2001-08-16,1.53
2001-08-17,1.52
2001-08-18,1.52
2001-08-19,1.54
2001-08-20,1.58
2001-08-21,1.65
2001-08-22,1.72
2001-08-23,1.77
2001-08-24,1.8
2001-08-25,1.79
2001-08-26,1.76
2001-08-27,1.71
2001-08-28,1.65
2001-08-29,1.59
2001-08-30,1.53
2001-08-31,1.5
2001-09-01,1.51
2001-09-02,1.55
2001-09-03,1.61
2001-09-04,1.66
2001-09-05,1.68
2001-09-06,1.67
2001-09-07,1.63
2001-09-08,1.59
2001-09-09,1.54
2001-09-10,1.49
2001-09-11,1.45
2001-09-12,1.41
2001-09-13,1.39
2001-09-14,1.37
2001-09-15,1.35
2001-09-16,1.34
2001-09-17,1.32
2001-09-18,1.3
2001-09-19,1.29
2001-09-20,1.28
2001-09-21,1.27
2001-09-22,1.27
2001-09-23,1.27
2001-09-24,1.27
2001-09-25,1.27
2001-09-26,1.27
2001-09-27,1.27
2001-09-28,1.27
2001-09-29,1.27
2001-09-30,1.26
2001-10-01,1.25
2001-10-02,1.23
2001-10-03,1.2
2001-10-04,1.18
2001-10-05,1.15
2001-10-06,1.12
2001-10-07,1.1
2001-10-08,1.08
2001-10-09,1.06
2001-10-10,1.05
2001-10-11,1.03
2001-10-12,1.02
2001-10-13,1.02
2001-10-14,1.04
2001-10-15,1.09
2001-10-16,1.18
2001-10-17,1.27
2001-10-18,1.36
2001-10-19,1.42
2001-10-20,1.45
2001-10-21,1.44
2001-10-22,1.4
2001-10-23,1.36
2001-10-24,1.34
2001-10-25,1.4
2001-10-26,1.53
2001-10-27,1.69
2001-10-28,1.85
2001-10-29,1.97
2001-10-30,2.05
2001-10-31,2.09
2001-11-01,2.1
2001-11-02,2.1
2001-11-03,2.12
2001-11-04,2.14
2001-11-05,2.18
2001-11-06,2.23
2001-11-07,2.29
2001-11-08,2.34
2001-11-09,2.38
2001-11-10,2.41
2001-11-11,2.42
2001-11-12,2.41
2001-11-13,2.39
2001-11-14,2.35
2001-11-15,2.29
2001-11-16,2.22
2001-11-17,2.15
2001-11-18,2.06
2001-11-19,1.97
2001-11-20,1.88
2001-11-21,1.79
2001-11-22,1.71
2001-11-23,1.63
2001-11-24,1.55
2001-11-25,1.5
2001-11-26,1.46
2001-11-27,1.45
2001-11-28,1.46
2001-11-29,1.5
2001-11-30,1.65
2001-12-01,1.87
2001-12-02,2.13
2001-12-03,2.39
2001-12-04,2.64
2001-12-05,2.86
2001-12-06,3.06
2001-12-07,3.22
2001-12-08,3.35
2001-12-09,3.45
2001-12-10,3.52
2001-12-11,3.58
2001-12-12,3.64
2001-12-13,3.7
2001-12-14,3.81
2001-12-15,3.85
2001-12-16,3.84
2001-12-17,3.93
2001-12-18,4.16
2001-12-19,4.64
2001-12-20,5.25
2001-12-21,5.94
2001-12-22,6.58
2001-12-23,7.06
2001-12-24,7.33
2001-12-25,7.4
2001-12-26,7.31
2001-12-27,7.14
2001-12-28,6.91
2001-12-29,6.66
2001-12-30,6.38
2001-12-31,6.08
2002-01-01,5.77
2002-01-02,5.45
2002-01-03,5.14
2002-01-04,4.86
2002-01-05,4.6
2002-01-06,4.39
2002-01-07,4.21
2002-01-08,4.05
2002-01-09,3.91
2002-01-10,3.78
2002-01-11,3.66
2002-01-12,3.56
2002-01-13,3.46
2002-01-14,3.37
2002-01-15,3.28
2002-01-16,3.2
2002-01-17,3.12
2002-01-18,3.05
2002-01-19,2.98
2002-01-20,2.91
2002-01-21,2.83
2002-01-22,2.78
2002-01-23,2.82
2002-01-24,2.97
2002-01-25,3.17
2002-01-26,3.35
2002-01-27,3.49
2002-01-28,3.56
2002-01-29,3.55
2002-01-30,3.5
2002-01-31,3.4
2002-02-01,3.28
2002-02-02,3.15
2002-02-03,3.02
2002-02-04,2.9
2002-02-05,2.8
2002-02-06,2.71
2002-02-07,2.97
2002-02-08,3.56
2002-02-09,4.28
2002-02-10,4.84
2002-02-11,5.16
2002-02-12,5.25
2002-02-13,5.15
2002-02-14,4.93
2002-02-15,4.66
2002-02-16,4.4
2002-02-17,4.17
2002-02-18,3.94
2002-02-19,3.73
2002-02-20,4.33
2002-02-21,6.26
2002-02-22,9.86
2002-02-23,10.9
2002-02-24,10.1
2002-02-25,9.69
2002-02-26,9.16
2002-02-27,8.56
2002-02-28,8.07
2002-03-01,7.53
2002-03-02,7.01
2002-03-03,6.53
2002-03-04,6.07
2002-03-05,5.63
2002-03-06,5.23
2002-03-07,4.88
2002-03-08,5.32
2002-03-09,72.9
2002-03-10,61.8
2002-03-11,57.6
2002-03-12,56.5
2002-03-13,51.2
2002-03-14,37.6
2002-03-15,34.8
2002-03-16,27.7
2002-03-17,32.1
2002-03-18,31.8
2002-03-19,30.9
2002-03-20,29.7
2002-03-21,24.7
2002-03-22,19.0
2002-03-23,16.3
2002-03-24,15.9
2002-03-25,14.9
2002-03-26,13.1
2002-03-27,11.4
2002-03-28,10.2
2002-03-29,9.76
2002-03-30,9.27
2002-03-31,8.78
2002-04-01,8.49
2002-04-02,8.14
2002-04-03,7.8
2002-04-04,7.64
2002-04-05,7.63
2002-04-06,7.67
2002-04-07,7.7
2002-04-08,7.87
2002-04-09,19.0
2002-04-10,22.0
2002-04-11,20.4
2002-04-12,18.4
2002-04-13,17.0
2002-04-14,16.9
2002-04-15,14.6
2002-04-16,13.6
2002-04-17,12.4
2002-04-18,11.0
2002-04-19,11.0
2002-04-20,11.9
2002-04-21,12.0
2002-04-22,12.4
2002-04-23,12.0
2002-04-24,11.3
2002-04-25,10.7
2002-04-26,10.2
2002-04-27,9.99
2002-04-28,11.0
2002-04-29,11.8
2002-04-30,11.7
2002-05-01,11.3
2002-05-02,11.8
2002-05-03,12.3
2002-05-04,12.0
2002-05-05,11.2
2002-05-06,10.6
2002-05-07,10.2
2002-05-08,9.89
2002-05-09,9.98
2002-05-10,10.1
2002-05-11,10.1
2002-05-12,23.1
2002-05-13,25.1
2002-05-14,22.3
2002-05-15,19.3
2002-05-16,18.2
2002-05-17,19.1
2002-05-18,18.4
2002-05-19,16.7
2002-05-20,16.9
2002-05-21,14.7
2002-05-22,14.2
2002-05-23,13.1
2002-05-24,12.0
2002-05-25,10.9
2002-05-26,10.3
2002-05-27,9.98
2002-05-28,9.56
2002-05-29,9.21
2002-05-30,8.89
2002-05-31,9.11
2002-06-01,9.0
2002-06-02,8.81
2002-06-03,8.7
2002-06-04,8.62
2002-06-05,8.54
2002-06-06,8.41
2002-06-07,8.24
2002-06-08,8.05
2002-06-09,7.86
2002-06-10,7.69
2002-06-11,7.53
2002-06-12,7.42
2002-06-13,7.33
2002-06-14,7.29
2002-06-15,7.27
2002-06-16,7.24
2002-06-17,7.2
2002-06-18,7.13
2002-06-19,7.04
2002-06-20,6.95
2002-06-21,6.86
2002-06-22,8.07
2002-06-23,10.3
2002-06-24,11.2
2002-06-25,11.0
2002-06-26,10.3
2002-06-27,10.0
2002-06-28,9.62
2002-06-29,9.15
2002-06-30,8.74
2002-07-01,8.49
2002-07-02,8.18
2002-07-03,7.87
2002-07-04,7.6
2002-07-05,7.37
2002-07-06,7.17
2002-07-07,6.99
2002-07-08,6.84
2002-07-09,6.73
2002-07-10,6.67
2002-07-11,6.61
2002-07-12,6.52
2002-07-13,6.4
2002-07-14,6.25
2002-07-15,6.09
2002-07-16,5.94
2002-07-17,5.8
2002-07-18,5.67
2002-07-19,5.55
2002-07-20,5.46
2002-07-21,5.37
2002-07-22,5.29
2002-07-23,5.22
2002-07-24,5.16
2002-07-25,5.1
2002-07-26,5.08
2002-07-27,5.08
2002-07-28,5.1
2002-07-29,5.12
2002-07-30,5.18
2002-07-31,5.26
2002-08-01,5.31
2002-08-02,5.31
2002-08-03,5.24
2002-08-04,5.14
2002-08-05,5.01
2002-08-06,4.88
2002-08-07,4.77
2002-08-08,4.67
2002-08-09,4.59
2002-08-10,4.52
2002-08-11,4.46
2002-08-12,4.41
2002-08-13,4.37
2002-08-14,4.37
2002-08-15,4.41
2002-08-16,4.67
2002-08-17,5.02
2002-08-18,5.32
2002-08-19,5.46
2002-08-20,5.44
2002-08-21,5.28
2002-08-22,5.11
2002-08-23,5.5
2002-08-24,6.17
2002-08-25,6.88
2002-08-26,7.46
2002-08-27,7.84
2002-08-28,8.01
2002-08-29,8.02
2002-08-30,7.91
2002-08-31,7.72
2002-09-01,7.47
2002-09-02,7.2
2002-09-03,6.95
2002-09-04,6.72
2002-09-05,6.47
2002-09-06,6.21
2002-09-07,5.94
2002-09-08,5.67
2002-09-09,5.4
2002-09-10,5.16
2002-09-11,4.93
2002-09-12,4.73
2002-09-13,4.55
2002-09-14,4.41
2002-09-15,4.29
2002-09-16,4.2
2002-09-17,4.11
2002-09-18,4.02
2002-09-19,3.94
2002-09-20,3.87
2002-09-21,3.8
2002-09-22,3.74
2002-09-23,3.67
2002-09-24,3.62
2002-09-25,3.56
2002-09-26,3.51
2002-09-27,3.46
2002-09-28,3.41
2002-09-29,3.37
2002-09-30,3.33
2002-10-01,3.29
2002-10-02,3.25
2002-10-03,3.23
2002-10-04,3.2
2002-10-05,3.23
2002-10-06,3.31
2002-10-07,3.42
2002-10-08,3.51
2002-10-09,3.55
2002-10-10,3.54
2002-10-11,3.48
2002-10-12,3.39
2002-10-13,3.31
2002-10-14,3.22
2002-10-15,3.15
2002-10-16,3.09
2002-10-17,3.04
2002-10-18,3.01
2002-10-19,2.98
2002-10-20,2.96
2002-10-21,2.95
2002-10-22,2.93
2002-10-23,2.91
2002-10-24,2.89
2002-10-25,2.87
2002-10-26,2.84
2002-10-27,2.81
2002-10-28,2.78
2002-10-29,2.75
2002-10-30,2.72
2002-10-31,2.68
2002-11-01,2.64
2002-11-02,2.61
2002-11-03,2.57
2002-11-04,2.53
2002-11-05,2.49
2002-11-06,2.46
2002-11-07,2.42
2002-11-08,2.39
2002-11-09,2.36
2002-11-10,2.34
2002-11-11,2.32
2002-11-12,2.31
2002-11-13,2.31
2002-11-14,2.3
2002-11-15,2.29
2002-11-16,2.28
2002-11-17,2.26
2002-11-18,2.24
2002-11-19,2.22
2002-11-20,2.19
2002-11-21,2.17
2002-11-22,2.15
2002-11-23,2.13
2002-11-24,2.11
2002-11-25,2.1
2002-11-26,2.08
2002-11-27,2.07
2002-11-28,2.05
2002-11-29,2.04
2002-11-30,2.02
2002-12-01,2.01
2002-12-02,1.99
2002-12-03,1.97
2002-12-04,1.96
2002-12-05,1.94
2002-12-06,1.92
2002-12-07,1.9
2002-12-08,1.87
2002-12-09,1.85
2002-12-10,1.83
2002-12-11,1.81
2002-12-12,1.79
2002-12-13,1.76
2002-12-14,1.74
2002-12-15,1.72
2002-12-16,1.7
2002-12-17,1.68
2002-12-18,1.66
2002-12-19,1.72
2002-12-20,1.84
2002-12-21,1.98
2002-12-22,2.12
2002-12-23,2.24
2002-12-24,2.32
2002-12-25,2.35
2002-12-26,2.35
2002-12-27,2.3
2002-12-28,2.24
2002-12-29,2.15
2002-12-30,2.07
2002-12-31,1.99
2003-01-01,1.93
2003-01-02,1.89
2003-01-03,1.86
2003-01-04,1.83
2003-01-05,1.81
2003-01-06,1.79
2003-01-07,1.76
2003-01-08,1.73
2003-01-09,1.69
2003-01-10,1.66
2003-01-11,1.62
2003-01-12,1.59
2003-01-13,1.55
2003-01-14,1.52
2003-01-15,1.48
2003-01-16,1.45
2003-01-17,1.42
2003-01-18,1.39
2003-01-19,1.36
2003-01-20,1.33
2003-01-21,1.31
2003-01-22,1.28
2003-01-23,1.26
2003-01-24,1.24
2003-01-25,1.22
2003-01-26,1.2
2003-01-27,1.19
2003-01-28,1.17
2003-01-29,1.16
2003-01-30,1.14
2003-01-31,1.13
2003-02-01,1.11
2003-02-02,1.09
2003-02-03,1.08
2003-02-04,1.07
2003-02-05,1.05
2003-02-06,1.04
2003-02-07,1.03
2003-02-08,1.02
2003-02-09,1.01
2003-02-10,1.0
2003-02-11,0.996
2003-02-12,0.985
2003-02-13,0.974
2003-02-14,0.963
2003-02-15,0.952
2003-02-16,0.94
2003-02-17,0.929
2003-02-18,0.918
2003-02-19,0.908
2003-02-20,0.897
2003-02-21,1.01
2003-02-22,1.23
2003-02-23,1.49
2003-02-24,1.74
2003-02-25,1.95
2003-02-26,2.1
2003-02-27,2.18
2003-02-28,2.2
2003-03-01,2.16
2003-03-02,2.08
2003-03-03,1.98
2003-03-04,1.87
2003-03-05,1.76
2003-03-06,1.65
2003-03-07,1.56
2003-03-08,1.47
2003-03-09,1.4
2003-03-10,1.34
2003-03-11,1.29
2003-03-12,1.34
2003-03-13,1.26
2003-03-14,1.21
2003-03-15,1.26
2003-03-16,1.58
2003-03-17,2.05
2003-03-18,2.5
2003-03-19,2.87
2003-03-20,3.12
2003-03-21,3.37
2003-03-22,3.7
2003-03-23,4.08
2003-03-24,4.4
2003-03-25,4.63
2003-03-26,4.82
2003-03-27,4.95
2003-03-28,5.06
2003-03-29,5.14
2003-03-30,5.2
2003-03-31,5.22
2003-04-01,5.18
2003-04-02,5.09
2003-04-03,4.95
2003-04-04,4.77
2003-04-05,4.57
2003-04-06,4.38
2003-04-07,4.21
2003-04-08,4.04
2003-04-09,3.88
2003-04-10,4.01
2003-04-11,4.67
2003-04-12,5.8
2003-04-13,6.76
2003-04-14,7.29
2003-04-15,7.41
2003-04-16,7.29
2003-04-17,7.06
2003-04-18,6.79
2003-04-19,6.53
2003-04-20,6.27
2003-04-21,6.01
2003-04-22,5.76
2003-04-23,5.5
2003-04-24,5.23
2003-04-25,4.97
2003-04-26,4.73
2003-04-27,4.5
2003-04-28,4.33
2003-04-29,4.17
2003-04-30,4.02
2003-05-01,4.21
2003-05-02,4.92
2003-05-03,5.95
2003-05-04,6.89
2003-05-05,7.58
2003-05-06,8.17
2003-05-07,8.67
2003-05-08,9.07
2003-05-09,9.15
2003-05-10,8.97
2003-05-11,9.93
2003-05-12,12.8
2003-05-13,13.6
2003-05-14,12.4
2003-05-15,12.4
2003-05-16,11.8
2003-05-17,10.6
2003-05-18,9.96
2003-05-19,9.37
2003-05-20,8.78
2003-05-21,8.42
2003-05-22,7.95
2003-05-23,7.51
2003-05-24,7.2
2003-05-25,6.98
2003-05-26,6.77
2003-05-27,6.53
2003-05-28,6.25
2003-05-29,5.96
2003-05-30,5.66
2003-05-31,5.38
2003-06-01,5.12
2003-06-02,4.91
2003-06-03,4.72
2003-06-04,4.57
2003-06-05,4.49
2003-06-06,4.45
2003-06-07,4.43
2003-06-08,4.41
2003-06-09,4.41
2003-06-10,4.42
2003-06-11,4.43
2003-06-12,4.41
2003-06-13,4.34
2003-06-14,4.27
2003-06-15,4.17
2003-06-16,4.07
2003-06-17,3.96
2003-06-18,3.87
2003-06-19,3.78
2003-06-20,3.72
2003-06-21,3.66
2003-06-22,3.62
2003-06-23,3.58
2003-06-24,3.54
2003-06-25,3.49
2003-06-26,3.45
2003-06-27,3.41
2003-06-28,3.38
2003-06-29,3.35
2003-06-30,3.33
2003-07-01,3.32
2003-07-02,3.3
2003-07-03,3.27
2003-07-04,3.24
2003-07-05,3.19
2003-07-06,3.15
2003-07-07,3.1
2003-07-08,3.06
2003-07-09,3.01
2003-07-10,3.07
2003-07-11,3.04
2003-07-12,3.05
2003-07-13,3.07
2003-07-14,3.08
2003-07-15,3.07
2003-07-16,3.04
2003-07-17,2.99
2003-07-18,2.92
2003-07-19,2.86
2003-07-20,2.79
2003-07-21,2.74
2003-07-22,2.71
2003-07-23,2.72
2003-07-24,2.76
2003-07-25,2.8
2003-07-26,2.83
2003-07-27,2.82
2003-07-28,2.79
2003-07-29,2.74
2003-07-30,2.67
2003-07-31,2.6
2003-08-01,2.54
2003-08-02,2.48
2003-08-03,2.44
2003-08-04,2.58
2003-08-05,2.52
2003-08-06,2.49
2003-08-07,2.47
2003-08-08,2.46
2003-08-09,2.44
2003-08-10,2.41
2003-08-11,2.38
2003-08-12,2.33
2003-08-13,2.28
2003-08-14,2.23
2003-08-15,2.18
2003-08-16,2.14
2003-08-17,2.1
2003-08-18,2.07
2003-08-19,2.04
2003-08-20,2.01
2003-08-21,1.98
2003-08-22,1.96
2003-08-23,1.93
2003-08-24,1.91
2003-08-25,1.89
2003-08-26,1.87
2003-08-27,1.85
2003-08-28,1.83
2003-08-29,1.81
2003-08-30,1.79
2003-08-31,1.77
2003-09-01,1.75
2003-09-02,1.74
2003-09-03,1.72
2003-09-04,1.7
2003-09-05,1.68
2003-09-06,1.67
2003-09-07,1.65
2003-09-08,1.63
2003-09-09,1.61
2003-09-10,1.6
2003-09-11,1.58
2003-09-12,1.56
2003-09-13,1.54
2003-09-14,1.53
2003-09-15,1.51
2003-09-16,1.5
2003-09-17,1.49
2003-09-18,1.47
2003-09-19,1.46
2003-09-20,1.44
2003-09-21,1.43
2003-09-22,1.42
2003-09-23,1.42
2003-09-24,1.44
2003-09-25,1.48
2003-09-26,1.53
2003-09-27,1.57
2003-09-28,1.59
2003-09-29,1.58
2003-09-30,1.56
2003-10-01,1.52
2003-10-02,1.48
2003-10-03,1.43
2003-10-04,1.39
2003-10-05,1.35
2003-10-06,1.32
2003-10-07,1.29
2003-10-08,1.27
2003-10-09,1.26
2003-10-10,1.24
2003-10-11,1.23
2003-10-12,1.22
2003-10-13,1.21
2003-10-14,1.21
2003-10-15,1.2
2003-10-16,1.19
2003-10-17,1.18
2003-10-18,1.18
2003-10-19,1.17
2003-10-20,1.16
2003-10-21,1.15
2003-10-22,1.14
2003-10-23,1.13
2003-10-24,1.12
2003-10-25,1.11
2003-10-26,1.1
2003-10-27,1.09
2003-10-28,1.08
2003-10-29,1.07
2003-10-30,1.06
2003-10-31,1.05
2003-11-01,1.04
2003-11-02,1.03
2003-11-03,1.04
2003-11-04,1.33
2003-11-05,1.51
2003-11-06,1.77
2003-11-07,2.06
2003-11-08,2.29
2003-11-09,2.41
2003-11-10,2.41
2003-11-11,2.31
2003-11-12,2.16
2003-11-13,1.96
2003-11-14,1.76
2003-11-15,1.59
2003-11-16,1.45
2003-11-17,1.35
2003-11-18,1.83
2003-11-19,1.92
2003-11-20,2.01
2003-11-21,2.11
2003-11-22,2.2
2003-11-23,2.33
2003-11-24,2.41
2003-11-25,2.43
2003-11-26,2.43
2003-11-27,2.41
2003-11-28,2.47
2003-11-29,2.49
2003-11-30,2.5
2003-12-01,2.51
2003-12-02,2.54
2003-12-03,2.57
2003-12-04,2.59
2003-12-05,2.61
2003-12-06,2.62
2003-12-07,2.6
2003-12-08,2.58
2003-12-09,2.53
2003-12-10,2.47
2003-12-11,2.51
2003-12-12,2.54
2003-12-13,2.55
2003-12-14,2.54
2003-12-15,2.52
2003-12-16,2.46
2003-12-17,2.4
2003-12-18,2.31
2003-12-19,2.21
2003-12-20,2.11
2003-12-21,2.01
2003-12-22,1.91
2003-12-23,1.82
2003-12-24,1.75
2003-12-25,1.69
2003-12-26,1.64
2003-12-27,1.6
2003-12-28,1.57
2003-12-29,1.54
2003-12-30,1.52
2003-12-31,1.5
2004-01-01,1.47
2004-01-02,1.5
2004-01-03,1.61
2004-01-04,1.61
2004-01-05,1.54
2004-01-06,1.47
2004-01-07,1.42
2004-01-08,1.4
2004-01-09,1.41
2004-01-10,1.45
2004-01-11,1.52
2004-01-12,1.6
2004-01-13,1.69
2004-01-14,1.78
2004-01-15,1.88
2004-01-16,1.96
2004-01-17,2.03
2004-01-18,2.09
2004-01-19,2.12
2004-01-20,2.14
2004-01-21,2.14
2004-01-22,2.12
2004-01-23,2.09
2004-01-24,2.04
2004-01-25,1.99
2004-01-26,1.93
2004-01-27,1.86
2004-01-28,1.79
2004-01-29,1.73
2004-01-30,1.66
2004-01-31,1.6
2004-02-01,1.54
2004-02-02,1.49
2004-02-03,1.43
2004-02-04,1.39
2004-02-05,1.34
2004-02-06,1.3
2004-02-07,1.26
2004-02-08,1.23
2004-02-09,1.2
2004-02-10,1.18
2004-02-11,1.16
2004-02-12,1.13
2004-02-13,1.11
2004-02-14,1.09
2004-02-15,1.07
2004-02-16,1.05
2004-02-17,1.04
2004-02-18,1.02
2004-02-19,1.01
2004-02-20,1.19
2004-02-21,1.34
2004-02-22,1.64
2004-02-23,1.95
2004-02-24,2.33
2004-02-25,2.68
2004-02-26,2.97
2004-02-27,3.16
2004-02-28,3.32
2004-02-29,3.85
2004-03-01,5.34
2004-03-02,24.9
2004-03-03,24.6
2004-03-04,29.8
2004-03-05,69.6
2004-03-06,65.9
2004-03-07,71.7
2004-03-08,58.0
2004-03-09,56.1
2004-03-10,49.7
2004-03-11,32.8
2004-03-12,23.8
2004-03-13,18.4
2004-03-14,17.2
2004-03-15,15.4
2004-03-16,13.5
2004-03-17,11.7
2004-03-18,10.3
2004-03-19,9.83
2004-03-20,9.29
2004-03-21,8.76
2004-03-22,8.46
2004-03-23,8.09
2004-03-24,7.74
2004-03-25,7.5
2004-03-26,7.52
2004-03-27,7.73
2004-03-28,7.94
2004-03-29,8.1
2004-03-30,8.16
2004-03-31,8.13
2004-04-01,8.04
2004-04-02,7.89
2004-04-03,7.73
2004-04-04,7.56
2004-04-05,7.4
2004-04-06,7.24
2004-04-07,7.08
2004-04-08,6.94
2004-04-09,6.79
2004-04-10,6.65
2004-04-11,6.5
2004-04-12,6.36
2004-04-13,6.21
2004-04-14,6.07
2004-04-15,5.93
2004-04-16,5.8
2004-04-17,5.69
2004-04-18,5.61
2004-04-19,5.55
2004-04-20,5.49
2004-04-21,5.42
2004-04-22,5.36
2004-04-23,5.29
2004-04-24,5.21
2004-04-25,5.23
2004-04-26,5.29
2004-04-27,5.38
2004-04-28,5.49
2004-04-29,5.53
2004-04-30,5.51
2004-05-01,5.7
2004-05-02,6.19
2004-05-03,6.89
2004-05-04,7.56
2004-05-05,8.07
2004-05-06,8.36
2004-05-07,8.42
2004-05-08,9.29
2004-05-09,39.9
2004-05-10,44.8
2004-05-11,43.6
2004-05-12,43.2
2004-05-13,44.5
2004-05-14,37.3
2004-05-15,40.7
2004-05-16,34.5
2004-05-17,28.0
2004-05-18,27.5
2004-05-19,21.3
2004-05-20,19.4
2004-05-21,17.7
2004-05-22,19.3
2004-05-23,39.3
2004-05-24,41.4
2004-05-25,42.8
2004-05-26,34.1
2004-05-27,31.0
2004-05-28,22.9
2004-05-29,20.2
2004-05-30,18.5
2004-05-31,16.9
2004-06-01,15.9
2004-06-02,16.1
2004-06-03,14.6
2004-06-04,13.6
2004-06-05,14.3
2004-06-06,13.9
2004-06-07,13.1
2004-06-08,12.3
2004-06-09,11.7
2004-06-10,17.4
2004-06-11,20.8
2004-06-12,22.4
2004-06-13,20.4
2004-06-14,23.2
2004-06-15,27.2
2004-06-16,23.0
2004-06-17,23.6
2004-06-18,20.2
2004-06-19,18.5
2004-06-20,17.4
2004-06-21,16.3
2004-06-22,16.1
2004-06-23,16.4
2004-06-24,15.0
2004-06-25,15.1
2004-06-26,13.7
2004-06-27,14.1
2004-06-28,13.9
2004-06-29,13.0
2004-06-30,12.3
2004-07-01,11.7
2004-07-02,11.2
2004-07-03,10.9
2004-07-04,11.1
2004-07-05,11.0
2004-07-06,10.7
2004-07-07,10.6
2004-07-08,10.4
2004-07-09,10.3
2004-07-10,10.2
2004-07-11,10.1
2004-07-12,10.0
2004-07-13,9.91
2004-07-14,9.8
2004-07-15,9.7
2004-07-16,9.58
2004-07-17,9.65
2004-07-18,9.65
2004-07-19,9.6
2004-07-20,9.48
2004-07-21,9.35
2004-07-22,9.23
2004-07-23,9.14
2004-07-24,9.03
2004-07-25,8.89
2004-07-26,8.78
2004-07-27,8.72
2004-07-28,8.63
2004-07-29,8.53
2004-07-30,8.45
2004-07-31,8.38
2004-08-01,8.31
2004-08-02,8.24
2004-08-03,8.18
2004-08-04,8.18
2004-08-05,8.18
2004-08-06,8.14
2004-08-07,8.07
2004-08-08,7.96
2004-08-09,7.84
2004-08-10,7.74
2004-08-11,7.65
2004-08-12,7.57
2004-08-13,7.51
2004-08-14,7.44
2004-08-15,7.37
2004-08-16,7.3
2004-08-17,7.23
2004-08-18,7.15
2004-08-19,7.07
2004-08-20,7.0
2004-08-21,6.94
2004-08-22,6.88
2004-08-23,6.81
2004-08-24,6.75
2004-08-25,6.68
2004-08-26,6.85
2004-08-27,7.25
2004-08-28,7.65
2004-08-29,7.86
2004-08-30,7.84
2004-08-31,7.66
2004-09-01,7.41
2004-09-02,7.17
2004-09-03,6.95
2004-09-04,6.77
2004-09-05,6.61
2004-09-06,6.47
2004-09-07,6.35
2004-09-08,6.25
2004-09-09,6.16
2004-09-10,6.08
2004-09-11,5.99
2004-09-12,5.91
2004-09-13,5.82
2004-09-14,5.74
2004-09-15,5.65
2004-09-16,5.56
2004-09-17,5.48
2004-09-18,5.4
2004-09-19,5.32
2004-09-20,5.25
2004-09-21,5.18
2004-09-22,5.12
2004-09-23,5.06
2004-09-24,5.0
2004-09-25,4.95
2004-09-26,4.89
2004-09-27,4.84
2004-09-28,4.79
2004-09-29,4.75
2004-09-30,4.71
2004-10-01,4.67
2004-10-02,4.63
2004-10-03,4.59
2004-10-04,4.55
2004-10-05,4.51
2004-10-06,4.47
2004-10-07,4.43
2004-10-08,4.39
2004-10-09,4.39
2004-10-10,4.41
2004-10-11,4.43
2004-10-12,4.43
2004-10-13,4.4
2004-10-14,4.36
2004-10-15,4.31
2004-10-16,4.25
2004-10-17,4.2
2004-10-18,4.14
2004-10-19,4.09
2004-10-20,4.04
2004-10-21,4.0
2004-10-22,3.95
2004-10-23,3.92
2004-10-24,3.89
2004-10-25,3.9
2004-10-26,3.91
2004-10-27,3.92
2004-10-28,3.91
2004-10-29,3.95
2004-10-30,4.03
2004-10-31,4.15
2004-11-01,4.23
2004-11-02,4.29
2004-11-03,4.34
2004-11-04,4.37
2004-11-05,4.34
2004-11-06,4.28
2004-11-07,4.2
2004-11-08,4.1
2004-11-09,4.0
2004-11-10,3.91
2004-11-11,3.84
2004-11-12,3.78
2004-11-13,3.75
2004-11-14,3.73
2004-11-15,3.73
2004-11-16,3.72
2004-11-17,3.72
2004-11-18,3.71
2004-11-19,3.69
2004-11-20,3.67
2004-11-21,3.63
2004-11-22,3.59
2004-11-23,3.55
2004-11-24,3.49
2004-11-25,3.44
2004-11-26,3.38
2004-11-27,3.37
2004-11-28,3.42
2004-11-29,3.53
2004-11-30,3.65
2004-12-01,3.78
2004-12-02,3.86
2004-12-03,3.91
2004-12-04,3.96
2004-12-05,4.46
2004-12-06,5.31
2004-12-07,6.33
2004-12-08,13.6
2004-12-09,21.8
2004-12-10,23.1
2004-12-11,21.1
2004-12-12,19.1
2004-12-13,16.8
2004-12-14,16.4
2004-12-15,15.2
2004-12-16,13.3
2004-12-17,11.5
2004-12-18,10.2
2004-12-19,9.66
2004-12-20,9.0
2004-12-21,8.51
2004-12-22,8.06
2004-12-23,7.6
2004-12-24,7.21
2004-12-25,6.87
2004-12-26,6.56
2004-12-27,6.27
2004-12-28,5.99
2004-12-29,5.73
2004-12-30,5.51
2004-12-31,5.55
2005-01-01,5.75
2005-01-02,6.08
2005-01-03,7.11
2005-01-04,8.18
2005-01-05,8.83
2005-01-06,8.66
2005-01-07,8.36
2005-01-08,7.9
2005-01-09,7.43
2005-01-10,6.99
2005-01-11,6.58
2005-01-12,6.89
2005-01-13,73.8
2005-01-14,53.4
2005-01-15,58.8
2005-01-16,50.6
2005-01-17,32.8
2005-01-18,21.3
2005-01-19,17.0
2005-01-20,16.1
2005-01-21,14.2
2005-01-22,11.9
2005-01-23,10.1
2005-01-24,9.48
2005-01-25,8.69
2005-01-26,8.16
2005-01-27,7.56
2005-01-28,7.01
2005-01-29,6.52
2005-01-30,6.07
2005-01-31,5.66
2005-02-01,5.3
2005-02-02,4.99
2005-02-03,4.71
2005-02-04,4.72
2005-02-05,5.91
2005-02-06,8.12
2005-02-07,9.93
2005-02-08,9.84
2005-02-09,9.67
2005-02-10,9.13
2005-02-11,8.6
2005-02-12,8.17
2005-02-13,7.72
2005-02-14,7.47
2005-02-15,20.2
2005-02-16,23.8
2005-02-17,21.2
2005-02-18,18.5
2005-02-19,16.5
2005-02-20,15.3
2005-02-21,14.6
2005-02-22,13.3
2005-02-23,11.5
2005-02-24,10.1
2005-02-25,9.52
2005-02-26,8.76
2005-02-27,8.29
2005-02-28,7.73
2005-03-01,7.22
2005-03-02,6.77
2005-03-03,6.36
2005-03-04,5.98
2005-03-05,5.65
2005-03-06,6.65
2005-03-07,47.1
2005-03-08,42.6
2005-03-09,44.7
2005-03-10,31.8
2005-03-11,22.9
2005-03-12,18.6
2005-03-13,15.9
2005-03-14,14.9
2005-03-15,13.0
2005-03-16,11.0
2005-03-17,9.92
2005-03-18,9.24
2005-03-19,8.59
2005-03-20,8.09
2005-03-21,8.15
2005-03-22,9.34
2005-03-23,11.2
2005-03-24,12.7
2005-03-25,13.9
2005-03-26,12.2
2005-03-27,12.8
2005-03-28,15.4
2005-03-29,26.6
2005-03-30,34.1
2005-03-31,35.5
2005-04-01,35.6
2005-04-02,29.1
2005-04-03,23.6
2005-04-04,18.5
2005-04-05,16.3
2005-04-06,16.0
2005-04-07,15.2
2005-04-08,13.6
2005-04-09,11.9
2005-04-10,10.6
2005-04-11,10.1
2005-04-12,9.74
2005-04-13,9.31
2005-04-14,8.91
2005-04-15,8.65
2005-04-16,8.43
2005-04-17,8.19
2005-04-18,7.98
2005-04-19,7.79
2005-04-20,7.67
2005-04-21,7.57
2005-04-22,7.47
2005-04-23,7.39
2005-04-24,7.33
2005-04-25,7.28
2005-04-26,7.23
2005-04-27,7.17
2005-04-28,7.1
2005-04-29,7.03
2005-04-30,6.95
2005-05-01,6.88
2005-05-02,6.8
2005-05-03,6.72
2005-05-04,6.64
2005-05-05,6.55
2005-05-06,6.47
2005-05-07,6.4
2005-05-08,6.32
2005-05-09,6.25
2005-05-10,6.18
2005-05-11,6.11
2005-05-12,6.05
2005-05-13,6.01
2005-05-14,6.04
2005-05-15,6.15
2005-05-16,6.26
2005-05-17,6.32
2005-05-18,6.31
2005-05-19,6.23
2005-05-20,6.13
2005-05-21,6.02
2005-05-22,5.93
2005-05-23,5.85
2005-05-24,5.79
2005-05-25,5.72
2005-05-26,5.66
2005-05-27,5.59
2005-05-28,5.51
2005-05-29,5.44
2005-05-30,5.35
2005-05-31,5.27
2005-06-01,5.18
2005-06-02,5.09
2005-06-03,5.0
2005-06-04,4.91
2005-06-05,4.84
2005-06-06,4.84
2005-06-07,4.91
2005-06-08,5.07
2005-06-09,5.18
2005-06-10,5.24
2005-06-11,5.2
2005-06-12,5.09
2005-06-13,5.35
2005-06-14,9.41
2005-06-15,13.0
2005-06-16,15.9
2005-06-17,15.8
2005-06-18,14.9
2005-06-19,14.1
2005-06-20,13.6
2005-06-21,12.3
2005-06-22,10.8
2005-06-23,9.95
2005-06-24,9.3
2005-06-25,8.69
2005-06-26,8.26
2005-06-27,7.76
2005-06-28,7.32
2005-06-29,6.96
2005-06-30,6.66
2005-07-01,6.4
2005-07-02,6.16
2005-07-03,5.94
2005-07-04,5.73
2005-07-05,5.54
2005-07-06,5.35
2005-07-07,5.19
2005-07-08,5.04
2005-07-09,4.9
2005-07-10,4.78
2005-07-11,4.68
2005-07-12,4.59
2005-07-13,4.51
2005-07-14,4.44
2005-07-15,4.38
2005-07-16,4.33
2005-07-17,4.28
2005-07-18,4.25
2005-07-19,4.21
2005-07-20,4.18
2005-07-21,4.16
2005-07-22,4.14
2005-07-23,4.11
2005-07-24,4.14
2005-07-25,4.19
2005-07-26,4.34
2005-07-27,4.5
2005-07-28,4.6
2005-07-29,4.61
2005-07-30,4.53
2005-07-31,4.41
2005-08-01,4.28
2005-08-02,4.16
2005-08-03,4.03
2005-08-04,3.93
2005-08-05,3.86
2005-08-06,3.83
2005-08-07,3.82
2005-08-08,3.82
2005-08-09,3.8
2005-08-10,3.77
2005-08-11,3.73
2005-08-12,3.69
2005-08-13,3.68
2005-08-14,3.69
2005-08-15,3.69
2005-08-16,3.67
2005-08-17,3.62
2005-08-18,3.56
2005-08-19,3.49
2005-08-20,3.42
2005-08-21,3.34
2005-08-22,3.28
2005-08-23,3.22
2005-08-24,3.16
2005-08-25,3.12
2005-08-26,3.08
2005-08-27,3.04
2005-08-28,3.01
2005-08-29,2.97
2005-08-30,2.95
2005-08-31,2.92
2005-09-01,2.89
2005-09-02,2.86
2005-09-03,2.83
2005-09-04,2.8
2005-09-05,2.76
2005-09-06,2.73
2005-09-07,2.7
2005-09-08,2.67
2005-09-09,2.64
2005-09-10,2.61
2005-09-11,2.57
2005-09-12,2.54
2005-09-13,2.51
2005-09-14,2.48
2005-09-15,2.47
2005-09-16,2.47
2005-09-17,2.49
2005-09-18,2.51
2005-09-19,2.52
2005-09-20,2.52
2005-09-21,2.49
2005-09-22,2.46
2005-09-23,2.43
2005-09-24,2.43
2005-09-25,2.48
2005-09-26,2.58
2005-09-27,2.75
2005-09-28,2.95
2005-09-29,3.11
2005-09-30,3.19
2005-10-01,3.2
2005-10-02,3.14
2005-10-03,3.04
2005-10-04,2.9
2005-10-05,2.76
2005-10-06,2.63
2005-10-07,2.52
2005-10-08,2.43
2005-10-09,2.36
2005-10-10,2.32
2005-10-11,2.29
2005-10-12,2.28
2005-10-13,2.27
2005-10-14,2.27
2005-10-15,2.26
2005-10-16,2.26
2005-10-17,2.25
2005-10-18,2.24
2005-10-19,2.22
2005-10-20,2.19
2005-10-21,2.16
2005-10-22,2.13
2005-10-23,2.09
2005-10-24,2.05
2005-10-25,2.01
2005-10-26,1.97
2005-10-27,1.93
2005-10-28,1.89
2005-10-29,1.84
2005-10-30,1.8
2005-10-31,1.77
2005-11-01,1.74
2005-11-02,1.74
2005-11-03,1.75
2005-11-04,1.78
2005-11-05,1.87
2005-11-06,2.35
2005-11-07,3.22
2005-11-08,4.55
2005-11-09,6.48
2005-11-10,10.0
2005-11-11,12.1
2005-11-12,13.5
2005-11-13,13.3
2005-11-14,12.0
2005-11-15,10.6
2005-11-16,11.2
2005-11-17,11.2
2005-11-18,10.7
2005-11-19,10.2
2005-11-20,9.75
2005-11-21,9.19
2005-11-22,8.68
2005-11-23,8.29
2005-11-24,7.83
2005-11-25,7.39
2005-11-26,7.0
2005-11-27,6.64
2005-11-28,6.64
2005-11-29,7.22
2005-11-30,7.79
2005-12-01,7.99
2005-12-02,7.84
2005-12-03,7.49
2005-12-04,7.05
2005-12-05,6.58
2005-12-06,6.1
2005-12-07,5.65
2005-12-08,5.25
2005-12-09,4.9
2005-12-10,4.61
2005-12-11,4.4
2005-12-12,4.22
2005-12-13,4.08
2005-12-14,3.94
2005-12-15,3.82
2005-12-16,3.71
2005-12-17,3.6
2005-12-18,3.5
2005-12-19,3.41
2005-12-20,3.32
2005-12-21,3.24
2005-12-22,3.17
2005-12-23,3.13
2005-12-24,3.29
2005-12-25,4.31
2005-12-26,5.67
2005-12-27,6.7
2005-12-28,7.17
2005-12-29,7.24
2005-12-30,13.5
2005-12-31,14.4
2006-01-01,18.3
2006-01-02,19.8
2006-01-03,36.0
2006-01-04,39.6
2006-01-05,42.0
2006-01-06,45.9
2006-01-07,44.3
2006-01-08,35.6
2006-01-09,29.8
2006-01-10,20.8
2006-01-11,17.8
2006-01-12,16.9
2006-01-13,15.8
2006-01-14,15.9
2006-01-15,14.4
2006-01-16,14.2
2006-01-17,13.3
2006-01-18,11.9
2006-01-19,10.7
2006-01-20,10.8
2006-01-21,10.2
2006-01-22,9.79
2006-01-23,9.32
2006-01-24,8.83
2006-01-25,8.55
2006-01-26,8.23
2006-01-27,7.91
2006-01-28,14.3
2006-01-29,54.8
2006-01-30,48.9
2006-01-31,44.2
2006-02-01,33.5
2006-02-02,31.2
2006-02-03,33.3
2006-02-04,37.1
2006-02-05,39.5
2006-02-06,31.9
2006-02-07,26.1
2006-02-08,20.3
2006-02-09,18.0
2006-02-10,16.0
2006-02-11,14.9
2006-02-12,14.8
2006-02-13,13.7
2006-02-14,12.3
2006-02-15,11.9
2006-02-16,12.4
2006-02-17,11.7
2006-02-18,10.9
2006-02-19,10.3
2006-02-20,10.1
2006-02-21,9.78
2006-02-22,9.45
2006-02-23,10.8
2006-02-24,12.2
2006-02-25,12.2
2006-02-26,11.6
2006-02-27,10.7
2006-02-28,10.2
2006-03-01,9.9
2006-03-02,9.51
2006-03-03,9.11
2006-03-04,8.76
2006-03-05,8.56
2006-03-06,8.58
2006-03-07,8.72
2006-03-08,12.0
2006-03-09,45.0
2006-03-10,50.6
2006-03-11,47.2
2006-03-12,53.4
2006-03-13,73.9
2006-03-14,68.6
2006-03-15,65.9
2006-03-16,64.9
2006-03-17,58.9
2006-03-18,54.4
2006-03-19,44.9
2006-03-20,31.8
2006-03-21,22.6
2006-03-22,19.5
2006-03-23,16.9
2006-03-24,17.3
2006-03-25,16.0
2006-03-26,14.7
2006-03-27,12.9
2006-03-28,13.2
2006-03-29,13.0
2006-03-30,12.6
2006-03-31,12.0
2006-04-01,11.7
2006-04-02,11.3
2006-04-03,11.5
2006-04-04,11.6
2006-04-05,11.2
2006-04-06,10.9
2006-04-07,11.3
2006-04-08,12.4
2006-04-09,11.8
2006-04-10,13.0
2006-04-11,13.4
2006-04-12,13.2
2006-04-13,12.0
2006-04-14,12.9
2006-04-15,12.6
2006-04-16,12.0
2006-04-17,11.4
2006-04-18,10.8
2006-04-19,10.4
2006-04-20,10.2
2006-04-21,10.1
2006-04-22,9.93
2006-04-23,9.82
2006-04-24,9.7
2006-04-25,9.64
2006-04-26,9.5
2006-04-27,9.35
2006-04-28,9.23
2006-04-29,9.11
2006-04-30,8.96
2006-05-01,8.84
2006-05-02,8.78
2006-05-03,8.75
2006-05-04,8.68
2006-05-05,8.6
2006-05-06,8.49
2006-05-07,8.39
2006-05-08,8.3
2006-05-09,8.2
2006-05-10,8.14
2006-05-11,13.3
2006-05-12,23.8
2006-05-13,27.0
2006-05-14,31.8
2006-05-15,33.6
2006-05-16,30.7
2006-05-17,26.1
2006-05-18,20.8
2006-05-19,23.8
2006-05-20,20.8
2006-05-21,19.2
2006-05-22,17.7
2006-05-23,16.2
2006-05-24,16.1
2006-05-25,14.7
2006-05-26,14.5
2006-05-27,13.5
2006-05-28,12.3
2006-05-29,11.4
2006-05-30,10.8
2006-05-31,10.9
2006-06-01,12.4
2006-06-02,13.3
2006-06-03,12.4
2006-06-04,12.9
2006-06-05,12.6
2006-06-06,12.1
2006-06-07,11.7
2006-06-08,11.0
2006-06-09,10.4
2006-06-10,10.2
2006-06-11,10.0
2006-06-12,9.78
2006-06-13,9.55
2006-06-14,9.33
2006-06-15,9.11
2006-06-16,8.92
2006-06-17,8.78
2006-06-18,8.68
2006-06-19,8.58
2006-06-20,8.47
2006-06-21,8.54
2006-06-22,8.65
2006-06-23,8.81
2006-06-24,8.82
2006-06-25,8.71
2006-06-26,8.54
2006-06-27,8.36
2006-06-28,8.2
2006-06-29,8.09
2006-06-30,7.98
2006-07-01,7.89
2006-07-02,7.81
2006-07-03,7.72
2006-07-04,7.66
2006-07-05,7.61
2006-07-06,7.54
2006-07-07,7.46
2006-07-08,7.38
2006-07-09,7.29
2006-07-10,7.23
2006-07-11,7.19
2006-07-12,7.68
2006-07-13,8.23
2006-07-14,8.52
2006-07-15,8.54
2006-07-16,8.36
2006-07-17,8.09
2006-07-18,22.0
2006-07-19,21.4
2006-07-20,20.3
2006-07-21,18.6
2006-07-22,17.2
2006-07-23,15.6
2006-07-24,15.8
2006-07-25,14.5
2006-07-26,12.8
2006-07-27,11.3
2006-07-28,10.3
2006-07-29,9.9
2006-07-30,9.39
2006-07-31,8.87
2006-08-01,8.59
2006-08-02,8.3
2006-08-03,8.13
2006-08-04,8.11
2006-08-05,8.08
2006-08-06,7.94
2006-08-07,7.72
2006-08-08,7.49
2006-08-09,7.27
2006-08-10,7.08
2006-08-11,6.92
2006-08-12,6.77
2006-08-13,6.64
2006-08-14,6.53
2006-08-15,6.42
2006-08-16,6.32
2006-08-17,6.23
2006-08-18,6.14
2006-08-19,6.06
2006-08-20,5.98
2006-08-21,5.91
2006-08-22,5.84
2006-08-23,5.77
2006-08-24,5.7
2006-08-25,5.64
2006-08-26,5.62
2006-08-27,5.66
2006-08-28,5.74
2006-08-29,5.8
2006-08-30,5.8
2006-08-31,5.74
2006-09-01,5.64
2006-09-02,5.51
2006-09-03,5.39
2006-09-04,5.28
2006-09-05,5.18
2006-09-06,5.09
2006-09-07,5.02
2006-09-08,4.96
2006-09-09,4.91
2006-09-10,4.86
2006-09-11,4.83
2006-09-12,4.83
2006-09-13,4.88
2006-09-14,4.92
2006-09-15,4.94
2006-09-16,4.91
2006-09-17,4.84
2006-09-18,4.75
2006-09-19,4.66
2006-09-20,4.57
2006-09-21,4.49
2006-09-22,4.42
2006-09-23,4.37
2006-09-24,4.48
2006-09-25,4.72
2006-09-26,4.97
2006-09-27,5.12
2006-09-28,5.14
2006-09-29,5.05
2006-09-30,4.91
2006-10-01,4.75
2006-10-02,4.61
2006-10-03,4.5
2006-10-04,4.63
2006-10-05,4.71
2006-10-06,4.85
2006-10-07,4.97
2006-10-08,5.04
2006-10-09,5.06
2006-10-10,5.05
2006-10-11,5.02
2006-10-12,5.0
2006-10-13,4.97
2006-10-14,4.94
2006-10-15,4.92
2006-10-16,4.9
2006-10-17,4.95
2006-10-18,5.08
2006-10-19,5.23
2006-10-20,5.37
2006-10-21,5.49
2006-10-22,5.72
2006-10-23,5.94
2006-10-24,6.16
2006-10-25,6.36
2006-10-26,6.51
2006-10-27,6.59
2006-10-28,6.62
2006-10-29,6.59
2006-10-30,6.52
2006-10-31,6.41
2006-11-01,6.27
2006-11-02,6.09
2006-11-03,5.89
2006-11-04,5.67
2006-11-05,5.45
2006-11-06,5.23
2006-11-07,5.02
2006-11-08,4.83
2006-11-09,4.65
2006-11-10,4.49
2006-11-11,4.51
2006-11-12,4.68
2006-11-13,4.9
2006-11-14,5.08
2006-11-15,5.16
2006-11-16,5.21
2006-11-17,5.25
2006-11-18,5.34
2006-11-19,5.49
2006-11-20,5.66
2006-11-21,5.8
2006-11-22,5.89
2006-11-23,5.91
2006-11-24,5.86
2006-11-25,5.77
2006-11-26,5.64
2006-11-27,5.49
2006-11-28,5.33
2006-11-29,5.2
2006-11-30,7.32
2006-12-01,16.3
2006-12-02,19.3
2006-12-03,18.2
2006-12-04,17.0
2006-12-05,17.0
2006-12-06,15.5
2006-12-07,13.7
2006-12-08,11.9
2006-12-09,10.3
2006-12-10,10.1
2006-12-11,21.0
2006-12-12,28.0
2006-12-13,45.3
2006-12-14,42.6
2006-12-15,47.5
2006-12-16,45.7
2006-12-17,39.2
2006-12-18,36.0
2006-12-19,31.2
2006-12-20,22.6
2006-12-21,19.0
2006-12-22,18.6
2006-12-23,20.2
2006-12-24,19.2
2006-12-25,18.5
2006-12-26,16.6
2006-12-27,16.9
2006-12-28,14.8
2006-12-29,14.4
2006-12-30,13.4
2006-12-31,12.8
2007-01-01,22.5
2007-01-02,24.1
2007-01-03,21.9
2007-01-04,19.7
2007-01-05,18.6
2007-01-06,17.9
2007-01-07,17.1
2007-01-08,16.9
2007-01-09,16.2
2007-01-10,16.5
2007-01-11,15.5
2007-01-12,14.7
2007-01-13,13.6
2007-01-14,12.4
2007-01-15,11.4
2007-01-16,10.8
2007-01-17,10.3
2007-01-18,10.1
2007-01-19,9.92
2007-01-20,9.69
2007-01-21,9.47
2007-01-22,9.26
2007-01-23,9.08
2007-01-24,8.92
2007-01-25,8.78
2007-01-26,8.7
2007-01-27,8.59
2007-01-28,8.49
2007-01-29,8.39
2007-01-30,8.31
2007-01-31,8.22
2007-02-01,8.14
2007-02-02,8.06
2007-02-03,7.98
2007-02-04,7.91
2007-02-05,7.83
2007-02-06,7.75
2007-02-07,7.68
2007-02-08,7.6
2007-02-09,7.53
2007-02-10,7.46
2007-02-11,7.39
2007-02-12,7.32
2007-02-13,7.26
2007-02-14,7.19
2007-02-15,7.12
2007-02-16,7.05
2007-02-17,6.99
2007-02-18,6.93
2007-02-19,6.87
2007-02-20,6.9
2007-02-21,7.0
2007-02-22,7.58
2007-02-23,8.18
2007-02-24,8.51
2007-02-25,8.55
2007-02-26,8.38
2007-02-27,8.14
2007-02-28,9.61
2007-03-01,14.1
2007-03-02,15.0
2007-03-03,14.2
2007-03-04,12.7
2007-03-05,11.4
2007-03-06,10.4
2007-03-07,10.0
2007-03-08,9.5
2007-03-09,9.16
2007-03-10,38.0
2007-03-11,41.2
2007-03-12,36.5
2007-03-13,32.8
2007-03-14,45.9
2007-03-15,48.3
2007-03-16,40.7
2007-03-17,43.6
2007-03-18,32.3
2007-03-19,24.6
2007-03-20,19.5
2007-03-21,17.0
2007-03-22,36.4
2007-03-23,30.8
2007-03-24,29.5
2007-03-25,22.8
2007-03-26,19.5
2007-03-27,17.7
2007-03-28,16.2
2007-03-29,16.1
2007-03-30,15.5
2007-03-31,14.2
2007-04-01,13.0
2007-04-02,11.9
2007-04-03,13.0
2007-04-04,23.1
2007-04-05,25.3
2007-04-06,22.9
2007-04-07,20.5
2007-04-08,18.5
2007-04-09,17.4
2007-04-10,16.2
2007-04-11,16.2
2007-04-12,29.0
2007-04-13,29.6
2007-04-14,27.4
2007-04-15,21.9
2007-04-16,19.5
2007-04-17,18.3
2007-04-18,16.7
2007-04-19,17.1
2007-04-20,15.7
2007-04-21,13.7
2007-04-22,13.6
2007-04-23,13.1
2007-04-24,12.3
2007-04-25,11.7
2007-04-26,11.3
2007-04-27,11.6
2007-04-28,11.3
2007-04-29,10.9
2007-04-30,10.6
2007-05-01,10.7
2007-05-02,16.3
2007-05-03,19.8
2007-05-04,19.8
2007-05-05,18.3
2007-05-06,17.7
2007-05-07,16.3
2007-05-08,16.6
2007-05-09,15.7
2007-05-10,19.7
2007-05-11,19.2
2007-05-12,18.2
2007-05-13,17.9
2007-05-14,16.7
2007-05-15,16.3
2007-05-16,15.7
2007-05-17,16.2
2007-05-18,14.6
2007-05-19,14.6
2007-05-20,13.8
2007-05-21,12.9
2007-05-22,12.0
2007-05-23,11.1
2007-05-24,10.6
2007-05-25,10.5
2007-05-26,10.3
2007-05-27,10.2
2007-05-28,10.1
2007-05-29,9.94
2007-05-30,9.76
2007-05-31,9.54
2007-06-01,9.42
2007-06-02,9.28
2007-06-03,9.34
2007-06-04,9.62
2007-06-05,9.75
2007-06-06,9.66
2007-06-07,9.44
2007-06-08,9.24
2007-06-09,8.97
2007-06-10,8.78
2007-06-11,8.69
2007-06-12,8.56
2007-06-13,8.44
2007-06-14,8.32
2007-06-15,8.22
2007-06-16,8.13
2007-06-17,8.04
2007-06-18,7.96
2007-06-19,7.93
2007-06-20,7.9
2007-06-21,7.88
2007-06-22,7.84
2007-06-23,7.78
2007-06-24,7.68
2007-06-25,7.57
2007-06-26,7.47
2007-06-27,7.38
2007-06-28,7.28
2007-06-29,7.18
2007-06-30,7.1
2007-07-01,7.04
2007-07-02,6.98
2007-07-03,6.93
2007-07-04,7.0
2007-07-05,7.1
2007-07-06,7.15
2007-07-07,7.12
2007-07-08,7.04
2007-07-09,6.94
2007-07-10,6.86
2007-07-11,6.81
2007-07-12,6.77
2007-07-13,6.71
2007-07-14,6.64
2007-07-15,6.56
2007-07-16,6.48
2007-07-17,6.41
2007-07-18,6.35
2007-07-19,6.34
2007-07-20,6.39
2007-07-21,6.45
2007-07-22,6.45
2007-07-23,6.38
2007-07-24,6.26
2007-07-25,6.12
2007-07-26,5.96
2007-07-27,5.82
2007-07-28,5.7
2007-07-29,5.6
2007-07-30,5.51
2007-07-31,5.43
2007-08-01,5.36
2007-08-02,5.3
2007-08-03,5.24
2007-08-04,5.19
2007-08-05,5.13
2007-08-06,5.08
2007-08-07,5.09
2007-08-08,5.02
2007-08-09,4.96
2007-08-10,4.91
2007-08-11,4.86
2007-08-12,4.81
2007-08-13,4.76
2007-08-14,4.71
2007-08-15,4.66
2007-08-16,4.61
2007-08-17,4.56
2007-08-18,4.51
2007-08-19,4.48
2007-08-20,4.53
2007-08-21,4.68
2007-08-22,4.85
2007-08-23,5.02
2007-08-24,5.13
2007-08-25,5.15
2007-08-26,5.12
2007-08-27,5.05
2007-08-28,4.94
2007-08-29,4.8
2007-08-30,4.66
2007-08-31,4.53
2007-09-01,4.42
2007-09-02,4.34
2007-09-03,4.27
2007-09-04,4.22
2007-09-05,4.18
2007-09-06,4.13
2007-09-07,4.1
2007-09-08,4.06
2007-09-09,4.02
2007-09-10,3.99
2007-09-11,3.98
2007-09-12,3.99
2007-09-13,4.02
2007-09-14,4.04
2007-09-15,4.03
2007-09-16,3.98
2007-09-17,3.92
2007-09-18,3.83
2007-09-19,3.74
2007-09-20,3.65
2007-09-21,3.58
2007-09-22,3.51
2007-09-23,3.45
2007-09-24,3.39
2007-09-25,3.35
2007-09-26,3.31
2007-09-27,3.27
2007-09-28,3.23
2007-09-29,3.19
2007-09-30,3.16
2007-10-01,3.13
2007-10-02,3.1
2007-10-03,3.09
2007-10-04,3.09
2007-10-05,3.09
2007-10-06,3.08
2007-10-07,3.06
2007-10-08,3.03
2007-10-09,2.99
2007-10-10,2.94
2007-10-11,2.9
2007-10-12,2.85
2007-10-13,2.81
2007-10-14,2.77
2007-10-15,2.73
2007-10-16,2.7
2007-10-17,2.68
2007-10-18,2.68
2007-10-19,2.7
2007-10-20,2.76
2007-10-21,2.82
2007-10-22,2.86
2007-10-23,2.88
2007-10-24,2.88
2007-10-25,2.85
2007-10-26,2.8
2007-10-27,2.75
2007-10-28,2.69
2007-10-29,2.63
2007-10-30,2.57
2007-10-31,2.52
2007-11-01,2.47
2007-11-02,2.43
2007-11-03,2.4
2007-11-04,2.37
2007-11-05,2.35
2007-11-06,2.33
2007-11-07,2.32
2007-11-08,2.3
2007-11-09,2.28
2007-11-10,2.26
2007-11-11,2.24
2007-11-12,2.22
2007-11-13,2.2
2007-11-14,2.17
2007-11-15,2.15
2007-11-16,2.12
2007-11-17,2.09
2007-11-18,2.06
2007-11-19,2.03
2007-11-20,2.01
2007-11-21,1.98
2007-11-22,1.96
2007-11-23,1.96
2007-11-24,1.97
2007-11-25,1.99
2007-11-26,2.0
2007-11-27,1.99
2007-11-28,1.97
2007-11-29,1.94
2007-11-30,1.9
2007-12-01,1.86
2007-12-02,1.82
2007-12-03,1.84
2007-12-04,1.89
2007-12-05,1.97
2007-12-06,2.04
2007-12-07,2.09
2007-12-08,2.11
2007-12-09,2.11
2007-12-10,2.08
2007-12-11,2.03
2007-12-12,1.97
2007-12-13,1.92
2007-12-14,1.86
2007-12-15,1.81
2007-12-16,1.77
2007-12-17,1.73
2007-12-18,1.7
2007-12-19,1.68
2007-12-20,1.65
2007-12-21,1.63
2007-12-22,1.74
2007-12-23,2.36
2007-12-24,3.07
2007-12-25,3.94
2007-12-26,4.65
2007-12-27,5.04
2007-12-28,5.17
2007-12-29,5.06
2007-12-30,4.84
2007-12-31,4.59
2008-01-01,4.36
2008-01-02,4.17
2008-01-03,3.98
2008-01-04,3.81
2008-01-05,3.65
2008-01-06,3.51
2008-01-07,3.48
2008-01-08,3.52
2008-01-09,3.48
2008-01-10,3.41
2008-01-11,3.36
2008-01-12,3.31
2008-01-13,3.22
2008-01-14,3.14
2008-01-15,3.07
2008-01-16,3.04
2008-01-17,3.07
2008-01-18,3.15
2008-01-19,3.3
2008-01-20,3.47
2008-01-21,3.65
2008-01-22,3.8
2008-01-23,3.9
2008-01-24,3.94
2008-01-25,3.93
2008-01-26,3.89
2008-01-27,3.81
2008-01-28,3.71
2008-01-29,3.83
2008-01-30,3.63
2008-01-31,3.51
2008-02-01,3.42
2008-02-02,3.33
2008-02-03,3.23
2008-02-04,3.12
2008-02-05,3.01
2008-02-06,2.88
2008-02-07,2.76
2008-02-08,2.64
2008-02-09,2.52
2008-02-10,2.41
2008-02-11,2.3
2008-02-12,2.2
2008-02-13,2.1
2008-02-14,2.01
2008-02-15,1.93
2008-02-16,1.85
2008-02-17,1.82
2008-02-18,18.3
2008-02-19,17.8
2008-02-20,19.3
2008-02-21,16.9
2008-02-22,15.5
2008-02-23,14.5
2008-02-24,12.6
2008-02-25,10.5
2008-02-26,9.69
2008-02-27,8.76
2008-02-28,8.15
2008-02-29,7.44
2008-03-01,6.76
2008-03-02,6.12
2008-03-03,6.91
2008-03-04,19.0
2008-03-05,18.8
2008-03-06,16.9
2008-03-07,15.4
2008-03-08,14.4
2008-03-09,12.5
2008-03-10,10.5
2008-03-11,9.69
2008-03-12,8.94
2008-03-13,9.1
2008-03-14,23.9
2008-03-15,23.2
2008-03-16,25.8
2008-03-17,22.5
2008-03-18,18.9
2008-03-19,20.0
2008-03-20,18.2
2008-03-21,16.2
2008-03-22,15.5
2008-03-23,14.2
2008-03-24,12.2
2008-03-25,10.3
2008-03-26,10.5
2008-03-27,9.89
2008-03-28,8.91
2008-03-29,8.27
2008-03-30,7.84
2008-03-31,8.42
2008-04-01,70.1
2008-04-02,65.1
2008-04-03,67.4
2008-04-04,59.3
2008-04-05,59.3
2008-04-06,57.2
2008-04-07,51.4
2008-04-08,49.7
2008-04-09,32.9
2008-04-10,21.7
2008-04-11,42.3
2008-04-12,40.2
2008-04-13,39.3
2008-04-14,33.6
2008-04-15,29.0
2008-04-16,21.6
2008-04-17,18.8
2008-04-18,17.0
2008-04-19,15.8
2008-04-20,15.6
2008-04-21,15.1
2008-04-22,13.9
2008-04-23,12.6
2008-04-24,11.5
2008-04-25,11.1
2008-04-26,10.6
2008-04-27,10.3
2008-04-28,10.1
2008-04-29,9.97
2008-04-30,9.75
2008-05-01,9.55
2008-05-02,9.4
2008-05-03,9.33
2008-05-04,9.25
2008-05-05,9.14
2008-05-06,8.99
2008-05-07,8.87
2008-05-08,8.78
2008-05-09,8.74
2008-05-10,8.66
2008-05-11,8.56
2008-05-12,8.47
2008-05-13,8.37
2008-05-14,8.29
2008-05-15,8.24
2008-05-16,8.18
2008-05-17,8.12
2008-05-18,8.04
2008-05-19,7.94
2008-05-20,7.86
2008-05-21,7.77
2008-05-22,7.7
2008-05-23,7.61
2008-05-24,7.53
2008-05-25,7.46
2008-05-26,7.39
2008-05-27,7.31
2008-05-28,7.24
2008-05-29,7.16
2008-05-30,7.1
2008-05-31,7.05
2008-06-01,7.01
2008-06-02,6.97
2008-06-03,6.93
2008-06-04,6.87
2008-06-05,6.8
2008-06-06,6.76
2008-06-07,6.77
2008-06-08,6.85
2008-06-09,7.19
2008-06-10,7.47
2008-06-11,7.56
2008-06-12,7.48
2008-06-13,7.34
2008-06-14,7.24
2008-06-15,7.19
2008-06-16,7.13
2008-06-17,7.04
2008-06-18,6.94
2008-06-19,6.82
2008-06-20,6.69
2008-06-21,6.58
2008-06-22,6.49
2008-06-23,6.39
2008-06-24,6.3
2008-06-25,6.19
2008-06-26,6.07
2008-06-27,6.11
2008-06-28,5.95
2008-06-29,5.82
2008-06-30,5.72
2008-07-01,5.63
2008-07-02,5.55
2008-07-03,5.46
2008-07-04,5.37
2008-07-05,5.29
2008-07-06,5.21
2008-07-07,5.14
2008-07-08,5.08
2008-07-09,5.01
2008-07-10,4.95
2008-07-11,4.9
2008-07-12,4.85
2008-07-13,4.79
2008-07-14,4.74
2008-07-15,4.69
2008-07-16,4.64
2008-07-17,4.6
2008-07-18,4.57
2008-07-19,4.54
2008-07-20,4.5
2008-07-21,4.47
2008-07-22,4.42
2008-07-23,4.38
2008-07-24,4.34
2008-07-25,4.3
2008-07-26,4.25
2008-07-27,4.21
2008-07-28,4.16
2008-07-29,4.12
2008-07-30,4.09
2008-07-31,4.07
2008-08-01,4.07
2008-08-02,4.06
2008-08-03,4.04
2008-08-04,4.0
2008-08-05,3.96
2008-08-06,3.91
2008-08-07,3.86
2008-08-08,3.81
2008-08-09,3.76
2008-08-10,3.72
2008-08-11,3.69
2008-08-12,3.66
2008-08-13,3.64
2008-08-14,3.62
2008-08-15,3.59
2008-08-16,3.55
2008-08-17,3.52
2008-08-18,3.48
2008-08-19,3.44
2008-08-20,3.39
2008-08-21,3.36
2008-08-22,3.32
2008-08-23,3.29
2008-08-24,3.31
2008-08-25,3.39
2008-08-26,3.52
2008-08-27,3.64
2008-08-28,3.7
2008-08-29,3.7
2008-08-30,3.64
2008-08-31,3.55
2008-09-01,3.43
2008-09-02,3.32
2008-09-03,3.21
2008-09-04,3.12
2008-09-05,3.29
2008-09-06,3.65
2008-09-07,4.11
2008-09-08,4.42
2008-09-09,4.52
2008-09-10,4.43
2008-09-11,4.27
2008-09-12,4.06
2008-09-13,3.89
2008-09-14,4.32
2008-09-15,4.95
2008-09-16,6.35
2008-09-17,9.1
2008-09-18,11.7
2008-09-19,13.5
2008-09-20,13.5
2008-09-21,11.9
2008-09-22,10.3
2008-09-23,9.77
2008-09-24,9.0
2008-09-25,8.46
2008-09-26,7.93
2008-09-27,7.4
2008-09-28,6.95
2008-09-29,6.56
2008-09-30,6.21
2008-10-01,5.88
2008-10-02,5.57
2008-10-03,5.28
2008-10-04,5.01
2008-10-05,4.77
2008-10-06,4.55
2008-10-07,4.39
2008-10-08,4.26
2008-10-09,4.15
2008-10-10,4.06
2008-10-11,3.99
2008-10-12,3.92
2008-10-13,3.85
2008-10-14,3.77
2008-10-15,3.68
2008-10-16,3.6
2008-10-17,3.51
2008-10-18,3.42
2008-10-19,3.35
2008-10-20,3.28
2008-10-21,3.23
2008-10-22,3.18
2008-10-23,3.14
2008-10-24,3.11
2008-10-25,3.08
2008-10-26,3.06
2008-10-27,3.03
2008-10-28,3.01
2008-10-29,3.0
2008-10-30,2.98
2008-10-31,2.95
2008-11-01,2.93
2008-11-02,2.9
2008-11-03,2.9
2008-11-04,2.93
2008-11-05,3.0
2008-11-06,3.07
2008-11-07,3.14
2008-11-08,3.19
2008-11-09,3.21
2008-11-10,3.22
2008-11-11,3.21
2008-11-12,3.18
2008-11-13,3.15
2008-11-14,3.13
2008-11-15,3.11
2008-11-16,17.5
2008-11-17,25.1
2008-11-18,27.4
2008-11-19,23.9
2008-11-20,19.8
2008-11-21,16.8
2008-11-22,16.6
2008-11-23,14.6
2008-11-24,12.5
2008-11-25,10.7
2008-11-26,10.0
2008-11-27,9.53
2008-11-28,8.92
2008-11-29,8.48
2008-11-30,8.01
2008-12-01,7.58
2008-12-02,7.22
2008-12-03,6.9
2008-12-04,6.59
2008-12-05,6.28
2008-12-06,5.98
2008-12-07,5.69
2008-12-08,5.43
2008-12-09,5.2
2008-12-10,5.0
2008-12-11,4.83
2008-12-12,4.68
2008-12-13,4.55
2008-12-14,4.53
2008-12-15,12.6
2008-12-16,14.8
2008-12-17,15.6
2008-12-18,15.1
2008-12-19,14.9
2008-12-20,13.4
2008-12-21,11.5
2008-12-22,10.1
2008-12-23,9.49
2008-12-24,8.74
2008-12-25,8.24
2008-12-26,7.66
2008-12-27,14.0
2008-12-28,89.6
2008-12-29,99.1
2008-12-30,103.0
2008-12-31,87.5
2009-01-01,62.9
2009-01-02,62.6
2009-01-03,42.6
2009-01-04,26.4
2009-01-05,18.2
2009-01-06,17.1
2009-01-07,14.3
2009-01-08,11.8
2009-01-09,10.1
2009-01-10,9.28
2009-01-11,8.49
2009-01-12,7.87
2009-01-13,7.24
2009-01-14,6.66
2009-01-15,6.13
2009-01-16,5.67
2009-01-17,5.25
2009-01-18,4.9
2009-01-19,4.61
2009-01-20,4.39
2009-01-21,4.21
2009-01-22,4.05
2009-01-23,3.91
2009-01-24,3.78
2009-01-25,3.66
2009-01-26,3.55
2009-01-27,3.45
2009-01-28,3.36
2009-01-29,3.28
2009-01-30,3.21
2009-01-31,3.14
2009-02-01,3.14
2009-02-02,3.05
2009-02-03,2.99
2009-02-04,2.94
2009-02-05,2.9
2009-02-06,2.86
2009-02-07,3.34
2009-02-08,5.88
2009-02-09,10.7
2009-02-10,13.4
2009-02-11,16.1
2009-02-12,47.0
2009-02-13,46.1
2009-02-14,42.5
2009-02-15,41.8
2009-02-16,29.9
2009-02-17,20.3
2009-02-18,16.8
2009-02-19,16.5
2009-02-20,14.4
2009-02-21,12.2
2009-02-22,10.3
2009-02-23,9.71
2009-02-24,8.92
2009-02-25,8.4
2009-02-26,8.43
2009-02-27,59.1
2009-02-28,51.9
2009-03-01,51.8
2009-03-02,38.4
2009-03-03,29.4
2009-03-04,20.0
2009-03-05,16.4
2009-03-06,17.4
2009-03-07,17.3
2009-03-08,44.3
2009-03-09,40.0
2009-03-10,55.7
2009-03-11,58.4
2009-03-12,49.4
2009-03-13,47.9
2009-03-14,37.0
2009-03-15,28.2
2009-03-16,20.0
2009-03-17,30.3
2009-03-18,38.6
2009-03-19,36.8
2009-03-20,35.8
2009-03-21,29.7
2009-03-22,24.3
2009-03-23,19.2
2009-03-24,17.0
2009-03-25,17.3
2009-03-26,15.6
2009-03-27,14.6
2009-03-28,13.3
2009-03-29,12.6
2009-03-30,13.1
2009-03-31,13.3
2009-04-01,13.5
2009-04-02,14.4
2009-04-03,27.4
2009-04-04,27.7
2009-04-05,23.5
2009-04-06,20.4
2009-04-07,18.5
2009-04-08,17.2
2009-04-09,15.9
2009-04-10,15.9
2009-04-11,14.3
2009-04-12,14.0
2009-04-13,13.3
2009-04-14,12.3
2009-04-15,11.5
2009-04-16,10.8
2009-04-17,10.4
2009-04-18,10.2
2009-04-19,10.1
2009-04-20,10.2
2009-04-21,10.7
2009-04-22,10.7
2009-04-23,10.6
2009-04-24,10.4
2009-04-25,10.8
2009-04-26,84.3
2009-04-27,86.7
2009-04-28,82.5
2009-04-29,72.9
2009-04-30,72.5
2009-05-01,75.7
2009-05-02,69.3
2009-05-03,57.6
2009-05-04,57.9
2009-05-05,43.0
2009-05-06,30.1
2009-05-07,22.1
2009-05-08,19.5
2009-05-09,18.2
2009-05-10,17.1
2009-05-11,16.2
2009-05-12,15.4
2009-05-13,14.8
2009-05-14,15.2
2009-05-15,14.9
2009-05-16,14.7
2009-05-17,14.4
2009-05-18,15.3
2009-05-19,15.1
2009-05-20,14.5
2009-05-21,13.6
2009-05-22,13.0
2009-05-23,12.9
2009-05-24,12.5
2009-05-25,11.6
2009-05-26,12.5
2009-05-27,12.6
2009-05-28,13.3
2009-05-29,13.7
2009-05-30,14.0
2009-05-31,14.0
2009-06-01,15.1
2009-06-02,15.0
2009-06-03,14.2
2009-06-04,12.6
2009-06-05,13.0
2009-06-06,12.7
2009-06-07,12.4
2009-06-08,12.2
2009-06-09,18.9
2009-06-10,18.0
2009-06-11,17.7
2009-06-12,17.6
2009-06-13,16.7
2009-06-14,15.8
2009-06-15,15.9
2009-06-16,14.3
2009-06-17,14.9
2009-06-18,14.5
2009-06-19,13.7
2009-06-20,14.2
2009-06-21,14.1
2009-06-22,14.2
2009-06-23,14.1
2009-06-24,14.9
2009-06-25,14.5
2009-06-26,14.0
2009-06-27,13.2
2009-06-28,12.3
2009-06-29,11.5
2009-06-30,11.0
2009-07-01,10.6
2009-07-02,10.4
2009-07-03,10.3
2009-07-04,10.1
2009-07-05,9.99
2009-07-06,9.84
2009-07-07,9.7
2009-07-08,9.56
2009-07-09,9.42
2009-07-10,9.31
2009-07-11,9.23
2009-07-12,9.14
2009-07-13,9.05
2009-07-14,8.94
2009-07-15,8.84
2009-07-16,8.78
2009-07-17,8.72
2009-07-18,8.65
2009-07-19,8.56
2009-07-20,8.49
2009-07-21,8.41
2009-07-22,8.33
2009-07-23,8.27
2009-07-24,8.2
2009-07-25,8.14
2009-07-26,8.08
2009-07-27,8.04
2009-07-28,7.98
2009-07-29,7.9
2009-07-30,7.81
2009-07-31,7.71
2009-08-01,7.61
2009-08-02,7.54
2009-08-03,7.47
2009-08-04,7.41
2009-08-05,7.37
2009-08-06,7.32
2009-08-07,7.26
2009-08-08,7.23
2009-08-09,7.6
2009-08-10,8.27
2009-08-11,8.97
2009-08-12,9.1
2009-08-13,8.84
2009-08-14,8.59
2009-08-15,8.29
2009-08-16,7.99
2009-08-17,7.78
2009-08-18,7.64
2009-08-19,7.51
2009-08-20,7.39
2009-08-21,7.27
2009-08-22,7.16
2009-08-23,7.04
2009-08-24,6.92
2009-08-25,6.8
2009-08-26,6.7
2009-08-27,6.61
2009-08-28,6.53
2009-08-29,6.46
2009-08-30,6.39
2009-08-31,6.32
2009-09-01,6.22
2009-09-02,6.11
2009-09-03,5.99
2009-09-04,5.87
2009-09-05,5.76
2009-09-06,5.64
2009-09-07,5.54
2009-09-08,5.45
2009-09-09,5.37
2009-09-10,5.29
2009-09-11,5.22
2009-09-12,5.16
2009-09-13,5.1
2009-09-14,5.03
2009-09-15,4.98
2009-09-16,4.93
2009-09-17,4.88
2009-09-18,4.83
2009-09-19,4.79
2009-09-20,4.74
2009-09-21,4.7
2009-09-22,4.66
2009-09-23,4.63
2009-09-24,4.58
2009-09-25,4.54
2009-09-26,4.5
2009-09-27,4.46
2009-09-28,4.46
2009-09-29,4.48
2009-09-30,4.51
2009-10-01,4.51
2009-10-02,4.49
2009-10-03,4.46
2009-10-04,4.43
2009-10-05,4.41
2009-10-06,4.38
2009-10-07,4.36
2009-10-08,4.33
2009-10-09,4.31
2009-10-10,4.3
2009-10-11,4.32
2009-10-12,4.33
2009-10-13,4.32
2009-10-14,4.3
2009-10-15,4.24
2009-10-16,4.18
2009-10-17,4.11
2009-10-18,4.03
2009-10-19,3.97
2009-10-20,3.91
2009-10-21,3.86
2009-10-22,3.81
2009-10-23,3.78
2009-10-24,3.82
2009-10-25,3.93
2009-10-26,4.08
2009-10-27,4.19
2009-10-28,4.22
2009-10-29,4.18
2009-10-30,4.53
2009-10-31,4.7
2009-11-01,5.09
2009-11-02,5.53
2009-11-03,5.99
2009-11-04,6.45
2009-11-05,6.84
2009-11-06,7.11
2009-11-07,7.22
2009-11-08,7.2
2009-11-09,7.09
2009-11-10,6.91
2009-11-11,6.71
2009-11-12,6.49
2009-11-13,6.25
2009-11-14,5.98
2009-11-15,5.7
2009-11-16,5.42
2009-11-17,5.16
2009-11-18,4.91
2009-11-19,4.7
2009-11-20,4.51
2009-11-21,4.36
2009-11-22,4.24
2009-11-23,4.13
2009-11-24,4.03
2009-11-25,3.93
2009-11-26,3.83
2009-11-27,3.75
2009-11-28,3.68
2009-11-29,3.62
2009-11-30,3.58
2009-12-01,3.55
2009-12-02,3.52
2009-12-03,3.5
2009-12-04,3.49
2009-12-05,3.49
2009-12-06,3.5
2009-12-07,3.52
2009-12-08,3.54
2009-12-09,3.54
2009-12-10,3.54
2009-12-11,3.52
2009-12-12,3.5
2009-12-13,3.46
2009-12-14,3.5
2009-12-15,3.51
2009-12-16,3.55
2009-12-17,3.58
2009-12-18,3.59
2009-12-19,3.58
2009-12-20,3.55
2009-12-21,3.49
2009-12-22,3.42
2009-12-23,3.34
2009-12-24,3.25
2009-12-25,3.22
2009-12-26,3.11
2009-12-27,3.03
2009-12-28,2.97
2009-12-29,2.92
2009-12-30,2.88
2009-12-31,2.84
2010-01-01,2.79
2010-01-02,2.75
2010-01-03,2.7
2010-01-04,2.66
2010-01-05,2.61
2010-01-06,2.56
2010-01-07,2.52
2010-01-08,2.48
2010-01-09,2.44
2010-01-10,2.4
2010-01-11,2.37
2010-01-12,2.33
2010-01-13,2.3
2010-01-14,2.33
2010-01-15,2.43
2010-01-16,2.51
2010-01-17,2.69
2010-01-18,2.89
2010-01-19,3.07
2010-01-20,3.19
2010-01-21,3.25
2010-01-22,3.25
2010-01-23,3.19
2010-01-24,3.14
2010-01-25,5.01
2010-01-26,8.73
2010-01-27,12.0
2010-01-28,11.8
2010-01-29,10.5
2010-01-30,9.77
2010-01-31,9.05
2010-02-01,8.43
2010-02-02,7.85
2010-02-03,7.27
2010-02-04,6.72
2010-02-05,6.2
2010-02-06,5.72
2010-02-07,5.27
2010-02-08,4.86
2010-02-09,4.53
2010-02-10,4.26
2010-02-11,4.03
2010-02-12,3.81
2010-02-13,3.61
2010-02-14,3.42
2010-02-15,3.24
2010-02-16,3.08
2010-02-17,2.92
2010-02-18,2.78
2010-02-19,2.67
2010-02-20,2.53
2010-02-21,2.45
2010-02-22,2.4
2010-02-23,2.38
2010-02-24,2.36
2010-02-25,2.33
2010-02-26,2.29
2010-02-27,2.24
2010-02-28,2.17
2010-03-01,2.18
2010-03-02,2.31
2010-03-03,2.58
2010-03-04,3.32
2010-03-05,4.28
2010-03-06,5.04
2010-03-07,5.69
2010-03-08,6.32
2010-03-09,6.4
2010-03-10,6.65
2010-03-11,11.8
2010-03-12,33.8
2010-03-13,37.6
2010-03-14,37.1
2010-03-15,32.2
2010-03-16,26.4
2010-03-17,19.6
2010-03-18,16.7
2010-03-19,15.3
2010-03-20,14.8
2010-03-21,13.4
2010-03-22,11.7
2010-03-23,10.3
2010-03-24,9.82
2010-03-25,9.23
2010-03-26,8.7
2010-03-27,8.34
2010-03-28,7.94
2010-03-29,7.58
2010-03-30,7.28
2010-03-31,7.03
2010-04-01,6.81
2010-04-02,6.61
2010-04-03,6.42
2010-04-04,6.24
2010-04-05,6.1
2010-04-06,6.13
2010-04-07,6.7
2010-04-08,9.54
2010-04-09,14.8
2010-04-10,16.9
2010-04-11,16.9
2010-04-12,16.0
2010-04-13,16.0
2010-04-14,15.1
2010-04-15,13.4
2010-04-16,11.9
2010-04-17,10.5
2010-04-18,10.0
2010-04-19,9.52
2010-04-20,8.98
2010-04-21,8.63
2010-04-22,8.32
2010-04-23,8.0
2010-04-24,7.71
2010-04-25,7.85
2010-04-26,8.87
2010-04-27,12.2
2010-04-28,12.5
2010-04-29,13.6
2010-04-30,12.8
2010-05-01,12.9
2010-05-02,12.6
2010-05-03,11.6
2010-05-04,10.4
2010-05-05,10.0
2010-05-06,9.56
2010-05-07,9.09
2010-05-08,8.8
2010-05-09,8.64
2010-05-10,8.41
2010-05-11,8.17
2010-05-12,8.65
2010-05-13,10.7
2010-05-14,23.7
2010-05-15,24.8
2010-05-16,21.7
2010-05-17,19.2
2010-05-18,17.8
2010-05-19,16.0
2010-05-20,15.0
2010-05-21,14.7
2010-05-22,14.1
2010-05-23,12.5
2010-05-24,11.2
2010-05-25,10.2
2010-05-26,9.84
2010-05-27,9.38
2010-05-28,8.96
2010-05-29,8.67
2010-05-30,8.44
2010-05-31,8.21
2010-06-01,8.3
2010-06-02,8.53
2010-06-03,9.0
2010-06-04,9.3
2010-06-05,9.36
2010-06-06,10.6
2010-06-07,12.0
2010-06-08,12.7
2010-06-09,13.2
2010-06-10,13.1
2010-06-11,13.7
2010-06-12,13.0
2010-06-13,11.8
2010-06-14,10.7
2010-06-15,10.1
2010-06-16,9.83
2010-06-17,9.4
2010-06-18,8.93
2010-06-19,8.65
2010-06-20,8.37
2010-06-21,8.08
2010-06-22,7.88
2010-06-23,7.7
2010-06-24,7.55
2010-06-25,7.4
2010-06-26,7.25
2010-06-27,7.33
2010-06-28,9.01
2010-06-29,12.0
2010-06-30,12.9
2010-07-01,12.5
2010-07-02,11.5
2010-07-03,10.5
2010-07-04,10.1
2010-07-05,9.73
2010-07-06,9.28
2010-07-07,8.82
2010-07-08,8.58
2010-07-09,8.33
2010-07-10,8.06
2010-07-11,7.8
2010-07-12,7.67
2010-07-13,7.6
2010-07-14,7.48
2010-07-15,7.32
2010-07-16,7.14
2010-07-17,6.97
2010-07-18,6.81
2010-07-19,6.64
2010-07-20,6.48
2010-07-21,6.31
2010-07-22,6.16
2010-07-23,6.04
2010-07-24,5.96
2010-07-25,5.89
2010-07-26,5.82
2010-07-27,5.74
2010-07-28,5.65
2010-07-29,5.56
2010-07-30,5.47
2010-07-31,5.38
2010-08-01,5.3
2010-08-02,5.22
2010-08-03,5.14
2010-08-04,5.08
2010-08-05,5.02
2010-08-06,4.96
2010-08-07,4.91
2010-08-08,4.86
2010-08-09,4.81
2010-08-10,4.82
2010-08-11,4.87
2010-08-12,5.06
2010-08-13,5.31
2010-08-14,5.52
2010-08-15,5.62
2010-08-16,5.59
2010-08-17,5.46
2010-08-18,5.27
2010-08-19,5.07
2010-08-20,4.89
2010-08-21,4.74
2010-08-22,4.62
2010-08-23,4.53
2010-08-24,4.46
2010-08-25,4.41
2010-08-26,4.36
2010-08-27,4.32
2010-08-28,4.29
2010-08-29,4.25
2010-08-30,4.22
2010-08-31,4.17
2010-09-01,4.13
2010-09-02,4.08
2010-09-03,4.05
2010-09-04,4.03
2010-09-05,4.03
2010-09-06,4.02
2010-09-07,3.99
2010-09-08,3.95
2010-09-09,3.89
2010-09-10,3.83
2010-09-11,3.76
2010-09-12,3.7
2010-09-13,3.66
2010-09-14,3.62
2010-09-15,3.59
2010-09-16,3.57
2010-09-17,3.54
2010-09-18,3.5
2010-09-19,3.46
2010-09-20,3.43
2010-09-21,3.39
2010-09-22,3.35
2010-09-23,3.32
2010-09-24,3.29
2010-09-25,3.27
2010-09-26,3.25
2010-09-27,3.22
2010-09-28,3.19
2010-09-29,3.15
2010-09-30,3.11
2010-10-01,3.08
2010-10-02,3.04
2010-10-03,3.01
2010-10-04,2.99
2010-10-05,2.97
2010-10-06,2.94
2010-10-07,2.92
2010-10-08,2.89
2010-10-09,2.86
2010-10-10,2.83
2010-10-11,2.79
2010-10-12,2.76
2010-10-13,2.73
2010-10-14,2.71
2010-10-15,2.7
2010-10-16,2.71
2010-10-17,2.73
2010-10-18,2.73
2010-10-19,2.72
2010-10-20,2.69
2010-10-21,2.66
2010-10-22,2.61
2010-10-23,2.57
2010-10-24,2.52
2010-10-25,2.51
2010-10-26,2.54
2010-10-27,2.59
2010-10-28,2.65
2010-10-29,2.68
2010-10-30,2.68
2010-10-31,2.65
2010-11-01,2.6
2010-11-02,2.53
2010-11-03,2.46
2010-11-04,2.4
2010-11-05,2.34
2010-11-06,2.29
2010-11-07,2.25
2010-11-08,2.22
2010-11-09,2.2
2010-11-10,2.18
2010-11-11,2.16
2010-11-12,2.14
2010-11-13,2.13
2010-11-14,2.11
2010-11-15,2.1
2010-11-16,2.08
2010-11-17,2.06
2010-11-18,2.04
2010-11-19,2.02
2010-11-20,2.0
2010-11-21,1.98
2010-11-22,1.95
2010-11-23,2.07
2010-11-24,2.31
2010-11-25,2.59
2010-11-26,2.84
2010-11-27,3.0
2010-11-28,3.06
2010-11-29,3.04
2010-11-30,2.98
2010-12-01,2.93
2010-12-02,2.9
2010-12-03,2.92
2010-12-04,2.98
2010-12-05,3.06
2010-12-06,3.15
2010-12-07,3.25
2010-12-08,3.33
2010-12-09,3.4
2010-12-10,3.44
2010-12-11,3.44
2010-12-12,3.43
2010-12-13,3.4
2010-12-14,3.35
2010-12-15,3.28
2010-12-16,3.21
2010-12-17,3.13
2010-12-18,3.03
2010-12-19,2.94
2010-12-20,2.85
2010-12-21,2.75
2010-12-22,2.65
2010-12-23,2.56
2010-12-24,2.47
2010-12-25,2.38
2010-12-26,2.39
2010-12-27,2.25
2010-12-28,2.14
2010-12-29,2.06
2010-12-30,1.99
2010-12-31,2.08
2011-01-01,2.56
2011-01-02,3.23
2011-01-03,3.91
2011-01-04,4.38
2011-01-05,4.59
2011-01-06,4.59
2011-01-07,4.45
2011-01-08,4.26
2011-01-09,4.04
2011-01-10,3.79
2011-01-11,3.53
2011-01-12,3.29
2011-01-13,3.07
2011-01-14,2.88
2011-01-15,2.72
2011-01-16,2.59
2011-01-17,2.48
2011-01-18,2.38
2011-01-19,2.3
2011-01-20,2.23
2011-01-21,2.16
2011-01-22,2.09
2011-01-23,2.02
2011-01-24,1.95
2011-01-25,1.88
2011-01-26,1.82
2011-01-27,1.76
2011-01-28,1.7
2011-01-29,1.64
2011-01-30,1.59
2011-01-31,1.54
2011-02-01,1.49
2011-02-02,1.44
2011-02-03,1.4
2011-02-04,1.36
2011-02-05,1.33
2011-02-06,1.29
2011-02-07,1.26
2011-02-08,1.23
2011-02-09,1.21
2011-02-10,1.19
2011-02-11,1.17
2011-02-12,1.15
2011-02-13,1.19
2011-02-14,1.27
2011-02-15,1.45
2011-02-16,1.85
2011-02-17,7.16
2011-02-18,12.9
2011-02-19,14.7
2011-02-20,15.3
2011-02-21,13.9
2011-02-22,11.8
2011-02-23,10.1
2011-02-24,9.42
2011-02-25,8.65
2011-02-26,8.09
2011-02-27,7.44
2011-02-28,6.82
2011-03-01,6.23
2011-03-02,5.68
2011-03-03,5.16
2011-03-04,4.71
2011-03-05,4.35
2011-03-06,4.05
2011-03-07,3.78
2011-03-08,3.53
2011-03-09,3.35
2011-03-10,4.42
2011-03-11,6.16
2011-03-12,18.7
2011-03-13,26.6
2011-03-14,25.0
2011-03-15,20.6
2011-03-16,18.2
2011-03-17,22.4
2011-03-18,37.4
2011-03-19,39.9
2011-03-20,35.2
2011-03-21,36.3
2011-03-22,34.5
2011-03-23,30.4
2011-03-24,21.3
2011-03-25,18.8
2011-03-26,17.9
2011-03-27,15.9
2011-03-28,14.0
2011-03-29,12.1
2011-03-30,11.2
2011-03-31,10.8
2011-04-01,13.3
2011-04-02,14.9
2011-04-03,14.8
2011-04-04,57.3
2011-04-05,47.1
2011-04-06,49.8
2011-04-07,51.3
2011-04-08,47.2
2011-04-09,36.2
2011-04-10,28.6
2011-04-11,20.7
2011-04-12,17.7
2011-04-13,17.1
2011-04-14,15.7
2011-04-15,14.0
2011-04-16,12.4
2011-04-17,11.1
2011-04-18,10.3
2011-04-19,10.3
2011-04-20,16.5
2011-04-21,18.9
2011-04-22,18.8
2011-04-23,18.7
2011-04-24,17.8
2011-04-25,16.3
2011-04-26,18.3
2011-04-27,19.9
2011-04-28,50.3
2011-04-29,61.9
2011-04-30,53.0
2011-05-01,47.7
2011-05-02,43.7
2011-05-03,32.9
2011-05-04,23.2
2011-05-05,19.6
2011-05-06,17.7
2011-05-07,16.2
2011-05-08,16.1
2011-05-09,14.5
2011-05-10,14.7
2011-05-11,14.0
2011-05-12,13.5
2011-05-13,12.6
2011-05-14,12.2
2011-05-15,12.0
2011-05-16,12.3
2011-05-17,12.5
2011-05-18,12.7
2011-05-19,13.0
2011-05-20,12.9
2011-05-21,11.8
2011-05-22,12.7
2011-05-23,25.6
2011-05-24,24.5
2011-05-25,22.1
2011-05-26,31.6
2011-05-27,29.4
2011-05-28,24.0
2011-05-29,20.5
2011-05-30,19.1
2011-05-31,17.2
2011-06-01,16.2
2011-06-02,16.2
2011-06-03,15.4
2011-06-04,13.4
2011-06-05,13.5
2011-06-06,13.0
2011-06-07,12.2
2011-06-08,11.5
2011-06-09,11.2
2011-06-10,10.8
2011-06-11,10.7
2011-06-12,10.4
2011-06-13,10.3
2011-06-14,10.3
2011-06-15,10.2
2011-06-16,10.3
2011-06-17,10.3
2011-06-18,10.1
2011-06-19,10.0
2011-06-20,9.84
2011-06-21,10.5
2011-06-22,39.3
2011-06-23,34.2
2011-06-24,31.8
2011-06-25,27.8
2011-06-26,25.0
2011-06-27,19.5
2011-06-28,17.7
2011-06-29,16.0
2011-06-30,16.3
2011-07-01,14.5
2011-07-02,14.3
2011-07-03,13.4
2011-07-04,12.4
2011-07-05,11.4
2011-07-06,10.7
2011-07-07,10.3
2011-07-08,10.2
2011-07-09,9.99
2011-07-10,9.82
2011-07-11,9.67
2011-07-12,9.52
2011-07-13,9.39
2011-07-14,9.27
2011-07-15,9.14
2011-07-16,9.03
2011-07-17,8.9
2011-07-18,8.93
2011-07-19,8.77
2011-07-20,8.7
2011-07-21,8.59
2011-07-22,8.48
2011-07-23,8.39
2011-07-24,8.32
2011-07-25,8.24
2011-07-26,8.16
2011-07-27,8.09
2011-07-28,12.6
2011-07-29,13.5
2011-07-30,13.9
2011-07-31,13.0
2011-08-01,12.7
2011-08-02,11.8
2011-08-03,11.2
2011-08-04,10.3
2011-08-05,10.1
2011-08-06,9.74
2011-08-07,9.43
2011-08-08,9.6
2011-08-09,25.2
2011-08-10,24.7
2011-08-11,28.2
2011-08-12,28.9
2011-08-13,25.7
2011-08-14,19.3
2011-08-15,17.5
2011-08-16,15.5
2011-08-17,15.2
2011-08-18,14.6
2011-08-19,13.2
2011-08-20,11.8
2011-08-21,12.6
2011-08-22,12.9
2011-08-23,13.3
2011-08-24,14.5
2011-08-25,13.4
2011-08-26,13.5
2011-08-27,12.7
2011-08-28,11.6
2011-08-29,10.6
2011-08-30,10.2
2011-08-31,9.85
2011-09-01,9.47
2011-09-02,9.16
2011-09-03,8.86
2011-09-04,8.67
2011-09-05,8.48
2011-09-06,8.3
2011-09-07,8.12
2011-09-08,7.98
2011-09-09,7.85
2011-09-10,7.73
2011-09-11,7.62
2011-09-12,7.53
2011-09-13,7.45
2011-09-14,7.37
2011-09-15,7.3
2011-09-16,7.23
2011-09-17,7.17
2011-09-18,7.1
2011-09-19,7.06
2011-09-20,7.04
2011-09-21,7.01
2011-09-22,6.96
2011-09-23,6.9
2011-09-24,6.83
2011-09-25,6.76
2011-09-26,6.7
2011-09-27,6.65
2011-09-28,6.62
2011-09-29,6.57
2011-09-30,6.55
2011-10-01,6.53
2011-10-02,6.53
2011-10-03,6.52
2011-10-04,6.5
2011-10-05,6.47
2011-10-06,6.42
2011-10-07,6.36
2011-10-08,6.29
2011-10-09,6.21
2011-10-10,6.13
2011-10-11,6.05
2011-10-12,5.98
2011-10-13,5.9
2011-10-14,5.83
2011-10-15,5.78
2011-10-16,5.73
2011-10-17,5.67
2011-10-18,5.61
2011-10-19,5.55
2011-10-20,6.31
2011-10-21,8.25
2011-10-22,11.8
2011-10-23,12.3
2011-10-24,12.6
2011-10-25,11.9
2011-10-26,11.7
2011-10-27,11.2
2011-10-28,10.6
2011-10-29,10.2
2011-10-30,10.1
2011-10-31,10.0
2011-11-01,9.83
2011-11-02,9.49
2011-11-03,9.25
2011-11-04,9.09
2011-11-05,8.85
2011-11-06,8.67
2011-11-07,8.45
2011-11-08,8.23
2011-11-09,9.63
2011-11-10,12.8
2011-11-11,13.7
2011-11-12,13.3
2011-11-13,12.5
2011-11-14,11.7
2011-11-15,10.9
2011-11-16,10.2
2011-11-17,9.94
2011-11-18,9.53
2011-11-19,9.09
2011-11-20,8.72
2011-11-21,8.47
2011-11-22,8.17
2011-11-23,7.88
2011-11-24,7.63
2011-11-25,7.4
2011-11-26,7.2
2011-11-27,7.15
2011-11-28,7.53
2011-11-29,8.2
2011-11-30,9.96
2011-12-01,10.8
2011-12-02,11.3
2011-12-03,11.4
2011-12-04,12.5
2011-12-05,12.5
2011-12-06,12.5
2011-12-07,13.7
2011-12-08,14.0
2011-12-09,13.2
2011-12-10,12.1
2011-12-11,11.0
2011-12-12,10.2
2011-12-13,9.88
2011-12-14,9.44
2011-12-15,9.95
2011-12-16,12.3
2011-12-17,13.0
2011-12-18,12.6
2011-12-19,12.3
2011-12-20,11.8
2011-12-21,11.2
2011-12-22,10.6
2011-12-23,10.2
2011-12-24,9.98
2011-12-25,9.67
2011-12-26,9.3
2011-12-27,8.95
2011-12-28,8.7
2011-12-29,8.49
2011-12-30,8.33
2011-12-31,8.06
2012-01-01,8.08
2012-01-02,8.41
2012-01-03,8.74
2012-01-04,8.8
2012-01-05,8.68
2012-01-06,8.49
2012-01-07,8.25
2012-01-08,8.0
2012-01-09,7.77
2012-01-10,7.56
2012-01-11,7.45
2012-01-12,7.48
2012-01-13,7.34
2012-01-14,7.12
2012-01-15,6.89
2012-01-16,6.68
2012-01-17,6.5
2012-01-18,6.34
2012-01-19,6.2
2012-01-20,6.08
2012-01-21,5.96
2012-01-22,5.85
2012-01-23,6.21
2012-01-24,18.6
2012-01-25,19.0
2012-01-26,18.3
2012-01-27,16.7
2012-01-28,25.8
2012-01-29,19.5
2012-01-30,17.0
2012-01-31,15.5
2012-02-01,15.0
2012-02-02,13.6
2012-02-03,12.1
2012-02-04,10.7
2012-02-05,10.1
2012-02-06,9.81
2012-02-07,9.7
2012-02-08,9.31
2012-02-09,8.8
2012-02-10,8.51
2012-02-11,8.15
2012-02-12,7.8
2012-02-13,7.49
2012-02-14,7.22
2012-02-15,7.01
2012-02-16,8.62
2012-02-17,11.4
2012-02-18,12.6
2012-02-19,11.8
2012-02-20,10.7
2012-02-21,10.0
2012-02-22,9.51
2012-02-23,8.95
2012-02-24,8.65
2012-02-25,8.39
2012-02-26,8.09
2012-02-27,7.87
2012-02-28,7.62
2012-02-29,7.39
2012-03-01,7.27
2012-03-02,10.6
2012-03-03,34.4
2012-03-04,34.1
2012-03-05,30.6
2012-03-06,21.7
2012-03-07,19.9
2012-03-08,41.2
2012-03-09,39.1
2012-03-10,43.9
2012-03-11,38.7
2012-03-12,30.5
2012-03-13,32.4
2012-03-14,28.6
2012-03-15,21.6
2012-03-16,19.3
2012-03-17,17.3
2012-03-18,17.3
2012-03-19,14.9
2012-03-20,14.3
2012-03-21,13.3
2012-03-22,12.1
2012-03-23,11.2
2012-03-24,10.7
2012-03-25,10.2
2012-03-26,10.0
2012-03-27,9.74
2012-03-28,9.45
2012-03-29,9.21
2012-03-30,9.01
2012-03-31,8.82
2012-04-01,8.79
2012-04-02,8.78
2012-04-03,8.72
2012-04-04,8.62
2012-04-05,8.49
2012-04-06,8.36
2012-04-07,8.23
2012-04-08,8.13
2012-04-09,8.03
2012-04-10,7.93
2012-04-11,7.84
2012-04-12,7.75
2012-04-13,7.67
2012-04-14,7.58
2012-04-15,7.58
2012-04-16,7.81
2012-04-17,8.03
2012-04-18,8.13
2012-04-19,8.12
2012-04-20,8.13
2012-04-21,8.52
2012-04-22,9.78
2012-04-23,10.9
2012-04-24,11.0
2012-04-25,10.7
2012-04-26,10.3
2012-04-27,10.1
2012-04-28,9.8
2012-04-29,9.44
2012-04-30,9.1
2012-05-01,8.83
2012-05-02,8.68
2012-05-03,8.51
2012-05-04,8.33
2012-05-05,8.12
2012-05-06,7.89
2012-05-07,7.67
2012-05-08,7.47
2012-05-09,7.31
2012-05-10,7.16
2012-05-11,7.03
2012-05-12,6.91
2012-05-13,6.79
2012-05-14,6.67
2012-05-15,6.56
2012-05-16,6.47
2012-05-17,6.41
2012-05-18,6.35
2012-05-19,6.28
2012-05-20,6.19
2012-05-21,6.1
2012-05-22,6.0
2012-05-23,5.9
2012-05-24,5.79
2012-05-25,5.7
2012-05-26,5.63
2012-05-27,5.61
2012-05-28,5.59
2012-05-29,5.59
2012-05-30,5.58
2012-05-31,5.56
2012-06-01,5.67
2012-06-02,6.01
2012-06-03,6.75
2012-06-04,7.55
2012-06-05,8.13
2012-06-06,8.41
2012-06-07,8.44
2012-06-08,8.32
2012-06-09,8.1
2012-06-10,7.84
2012-06-11,7.58
2012-06-12,7.35
2012-06-13,7.13
2012-06-14,6.93
2012-06-15,6.74
2012-06-16,6.55
2012-06-17,6.36
2012-06-18,6.16
2012-06-19,5.99
2012-06-20,5.84
2012-06-21,5.7
2012-06-22,5.57
2012-06-23,5.43
2012-06-24,5.28
2012-06-25,5.14
2012-06-26,5.01
2012-06-27,4.89
2012-06-28,4.78
2012-06-29,4.68
2012-06-30,4.6
2012-07-01,4.52
2012-07-02,4.45
2012-07-03,4.44
2012-07-04,4.46
2012-07-05,4.56
2012-07-06,4.69
2012-07-07,4.79
2012-07-08,4.81
2012-07-09,4.76
2012-07-10,4.65
2012-07-11,4.52
2012-07-12,4.4
2012-07-13,4.29
2012-07-14,4.2
2012-07-15,4.14
2012-07-16,4.09
2012-07-17,4.07
2012-07-18,4.06
2012-07-19,4.06
2012-07-20,4.07
2012-07-21,4.06
2012-07-22,4.03
2012-07-23,3.98
2012-07-24,3.92
2012-07-25,3.85
2012-07-26,3.86
2012-07-27,3.95
2012-07-28,4.32
2012-07-29,4.78
2012-07-30,5.14
2012-07-31,5.37
2012-08-01,5.44
2012-08-02,5.38
2012-08-03,5.22
2012-08-04,5.04
2012-08-05,4.86
2012-08-06,4.71
2012-08-07,4.6
2012-08-08,4.52
2012-08-09,4.48
2012-08-10,6.9
2012-08-11,31.5
2012-08-12,33.7
2012-08-13,32.6
2012-08-14,32.9
2012-08-15,28.2
2012-08-16,19.6
2012-08-17,17.0
2012-08-18,16.1
2012-08-19,14.9
2012-08-20,13.2
2012-08-21,11.4
2012-08-22,10.2
2012-08-23,9.61
2012-08-24,8.95
2012-08-25,8.5
2012-08-26,8.05
2012-08-27,7.64
2012-08-28,7.28
2012-08-29,6.99
2012-08-30,6.74
2012-08-31,6.5
2012-09-01,6.28
2012-09-02,6.07
2012-09-03,5.88
2012-09-04,5.71
2012-09-05,5.55
2012-09-06,5.42
2012-09-07,5.3
2012-09-08,5.2
2012-09-09,5.1
2012-09-10,5.01
2012-09-11,4.92
2012-09-12,4.84
2012-09-13,4.77
2012-09-14,4.71
2012-09-15,4.65
2012-09-16,4.6
2012-09-17,4.55
2012-09-18,4.5
2012-09-19,4.46
2012-09-20,4.42
2012-09-21,4.38
2012-09-22,4.35
2012-09-23,4.32
2012-09-24,4.29
2012-09-25,4.26
2012-09-26,4.22
2012-09-27,4.19
2012-09-28,4.15
2012-09-29,4.11
2012-09-30,4.07
2012-10-01,4.03
2012-10-02,3.99
2012-10-03,3.95
2012-10-04,3.92
2012-10-05,3.88
2012-10-06,3.85
2012-10-07,3.82
2012-10-08,3.79
2012-10-09,3.76
2012-10-10,3.73
2012-10-11,3.69
2012-10-12,3.66
2012-10-13,3.62
2012-10-14,3.62
2012-10-15,3.76
2012-10-16,4.09
2012-10-17,4.46
2012-10-18,4.76
2012-10-19,4.95
2012-10-20,5.06
2012-10-21,5.1
2012-10-22,5.08
2012-10-23,5.16
2012-10-24,5.36
2012-10-25,5.59
2012-10-26,5.78
2012-10-27,5.88
2012-10-28,5.88
2012-10-29,5.79
2012-10-30,5.65
2012-10-31,5.5
2012-11-01,5.37
2012-11-02,5.26
2012-11-03,5.15
2012-11-04,5.05
2012-11-05,4.94
2012-11-06,4.82
2012-11-07,4.7
2012-11-08,4.57
2012-11-09,4.45
2012-11-10,4.34
2012-11-11,4.24
2012-11-12,4.14
2012-11-13,4.05
2012-11-14,3.95
2012-11-15,3.86
2012-11-16,3.77
2012-11-17,3.69
2012-11-18,3.61
2012-11-19,3.53
2012-11-20,3.46
2012-11-21,3.39
2012-11-22,3.33
2012-11-23,3.27
2012-11-24,3.22
2012-11-25,3.17
2012-11-26,3.12
2012-11-27,3.07
2012-11-28,3.02
2012-11-29,2.98
2012-11-30,2.94
2012-12-01,2.9
2012-12-02,2.87
2012-12-03,2.84
2012-12-04,2.82
2012-12-05,2.8
2012-12-06,2.78
2012-12-07,2.75
2012-12-08,2.73
2012-12-09,2.7
2012-12-10,2.68
2012-12-11,2.65
2012-12-12,2.62
2012-12-13,2.6
2012-12-14,2.6
2012-12-15,2.61
2012-12-16,2.67
2012-12-17,2.78
2012-12-18,2.96
2012-12-19,3.19
2012-12-20,3.58
2012-12-21,5.47
2012-12-22,11.3
2012-12-23,14.8
2012-12-24,15.9
2012-12-25,15.3
2012-12-26,15.4
2012-12-27,14.1
2012-12-28,12.3
2012-12-29,10.6
2012-12-30,9.89
2012-12-31,9.25
2013-01-01,8.65
2013-01-02,8.2
2013-01-03,7.71
2013-01-04,7.28
2013-01-05,6.9
2013-01-06,6.56
2013-01-07,6.25
2013-01-08,5.95
2013-01-09,5.67
2013-01-10,5.43
2013-01-11,5.54
2013-01-12,7.98
2013-01-13,15.0
2013-01-14,16.0
2013-01-15,14.7
2013-01-16,12.9
2013-01-17,11.1
2013-01-18,10.1
2013-01-19,9.57
2013-01-20,8.95
2013-01-21,8.52
2013-01-22,8.07
2013-01-23,7.6
2013-01-24,7.18
2013-01-25,6.8
2013-01-26,6.44
2013-01-27,6.09
2013-01-28,5.77
2013-01-29,22.2
2013-01-30,61.1
2013-01-31,57.4
2013-02-01,53.0
2013-02-02,41.2
2013-02-03,28.4
2013-02-04,20.2
2013-02-05,16.6
2013-02-06,15.5
2013-02-07,13.4
2013-02-08,11.2
2013-02-09,9.97
2013-02-10,9.23
2013-02-11,8.77
2013-02-12,11.0
2013-02-13,12.1
2013-02-14,11.6
2013-02-15,12.6
2013-02-16,11.3
2013-02-17,10.1
2013-02-18,9.58
2013-02-19,9.57
2013-02-20,9.3
2013-02-21,8.85
2013-02-22,8.49
2013-02-23,8.03
2013-02-24,7.54
2013-02-25,7.37
2013-02-26,7.41
2013-02-27,7.44
2013-02-28,7.43
2013-03-01,7.39
2013-03-02,7.35
2013-03-03,7.35
2013-03-04,7.36
2013-03-05,7.33
2013-03-06,7.28
2013-03-07,22.3
2013-03-08,19.3
2013-03-09,19.1
2013-03-10,25.8
2013-03-11,30.1
2013-03-12,35.6
2013-03-13,30.1
2013-03-14,26.3
2013-03-15,20.4
2013-03-16,17.3
2013-03-17,16.9
2013-03-18,15.3
2013-03-19,13.4
2013-03-20,11.6
2013-03-21,10.3
2013-03-22,9.82
2013-03-23,9.28
2013-03-24,8.78
2013-03-25,8.49
2013-03-26,8.13
2013-03-27,7.79
2013-03-28,7.9
2013-03-29,7.66
2013-03-30,7.88
2013-03-31,9.65
2013-04-01,14.9
2013-04-02,18.8
2013-04-03,19.0
2013-04-04,17.5
2013-04-05,15.7
2013-04-06,15.6
2013-04-07,14.8
2013-04-08,13.3
2013-04-09,13.1
2013-04-10,41.2
2013-04-11,59.1
2013-04-12,57.5
2013-04-13,56.5
2013-04-14,62.8
2013-04-15,58.9
2013-04-16,65.9
2013-04-17,55.6
2013-04-18,94.1
2013-04-19,81.9
2013-04-20,76.1
2013-04-21,67.0
2013-04-22,67.2
2013-04-23,59.6
2013-04-24,57.0
2013-04-25,57.1
2013-04-26,49.7
2013-04-27,35.8
2013-04-28,29.4
2013-04-29,23.8
2013-04-30,21.3
2013-05-01,20.3
2013-05-02,19.5
2013-05-03,18.7
2013-05-04,18.2
2013-05-05,18.4
2013-05-06,17.9
2013-05-07,17.4
2013-05-08,17.1
2013-05-09,17.0
2013-05-10,17.0
2013-05-11,16.9
2013-05-12,16.8
2013-05-13,16.5
2013-05-14,16.2
2013-05-15,15.9
2013-05-16,15.7
2013-05-17,15.5
2013-05-18,15.3
2013-05-19,15.1
2013-05-20,15.0
2013-05-21,17.7
2013-05-22,17.6
2013-05-23,21.5
2013-05-24,27.0
2013-05-25,26.3
2013-05-26,22.7
2013-05-27,20.6
2013-05-28,19.8
2013-05-29,45.6
2013-05-30,46.4
2013-05-31,39.7
2013-06-01,38.1
2013-06-02,32.2
2013-06-03,27.1
2013-06-04,21.6
2013-06-05,19.9
2013-06-06,19.1
2013-06-07,17.7
2013-06-08,16.8
2013-06-09,16.2
2013-06-10,16.0
2013-06-11,15.6
2013-06-12,15.2
2013-06-13,15.5
2013-06-14,15.1
2013-06-15,14.9
2013-06-16,14.9
2013-06-17,14.6
2013-06-18,15.5
2013-06-19,15.4
2013-06-20,14.8
2013-06-21,14.2
2013-06-22,13.6
2013-06-23,13.1
2013-06-24,12.1
2013-06-25,13.2
2013-06-26,13.0
2013-06-27,13.1
2013-06-28,12.8
2013-06-29,12.8
2013-06-30,13.7
2013-07-01,13.8
2013-07-02,13.5
2013-07-03,12.9
2013-07-04,12.5
2013-07-05,12.1
2013-07-06,11.8
2013-07-07,11.6
2013-07-08,11.5
2013-07-09,11.3
2013-07-10,11.2
2013-07-11,10.9
2013-07-12,10.8
2013-07-13,10.7
2013-07-14,10.6
2013-07-15,10.4
2013-07-16,10.4
2013-07-17,10.3
2013-07-18,10.3
2013-07-19,10.2
2013-07-20,10.2
2013-07-21,10.1
2013-07-22,10.0
2013-07-23,9.91
2013-07-24,9.83
2013-07-25,9.74
2013-07-26,9.67
2013-07-27,9.59
2013-07-28,9.53
2013-07-29,9.48
2013-07-30,9.4
2013-07-31,9.34
2013-08-01,9.36
2013-08-02,9.33
2013-08-03,9.22
2013-08-04,9.09
2013-08-05,8.96
2013-08-06,8.82
2013-08-07,8.84
2013-08-08,8.8
2013-08-09,8.76
2013-08-10,8.68
2013-08-11,8.57
2013-08-12,8.47
2013-08-13,8.35
2013-08-14,8.25
2013-08-15,8.16
2013-08-16,8.08
2013-08-17,8.0
2013-08-18,7.92
2013-08-19,7.84
2013-08-20,7.76
2013-08-21,7.67
2013-08-22,7.6
2013-08-23,7.53
2013-08-24,7.46
2013-08-25,7.4
2013-08-26,7.33
2013-08-27,7.36
2013-08-28,7.88
2013-08-29,8.41
2013-08-30,8.62
2013-08-31,8.52
2013-09-01,8.23
2013-09-02,7.9
2013-09-03,7.6
2013-09-04,7.36
2013-09-05,7.18
2013-09-06,7.04
2013-09-07,6.94
2013-09-08,6.85
2013-09-09,6.78
2013-09-10,6.71
2013-09-11,6.63
2013-09-12,6.55
2013-09-13,6.47
2013-09-14,6.39
2013-09-15,6.31
2013-09-16,6.23
2013-09-17,6.15
2013-09-18,6.07
2013-09-19,6.0
2013-09-20,5.93
2013-09-21,5.87
2013-09-22,5.8
2013-09-23,5.74
2013-09-24,5.67
2013-09-25,5.6
2013-09-26,5.53
2013-09-27,5.45
2013-09-28,5.38
2013-09-29,5.32
2013-09-30,5.26
2013-10-01,5.2
2013-10-02,5.16
2013-10-03,5.11
2013-10-04,5.07
2013-10-05,5.05
2013-10-06,5.06
2013-10-07,5.08
2013-10-08,5.09
2013-10-09,5.08
2013-10-10,5.03
2013-10-11,4.97
2013-10-12,4.89
2013-10-13,4.82
2013-10-14,4.75
2013-10-15,4.69
2013-10-16,4.64
2013-10-17,4.61
2013-10-18,4.62
2013-10-19,4.66
2013-10-20,4.69
2013-10-21,4.7
2013-10-22,4.66
2013-10-23,4.6
2013-10-24,4.52
2013-10-25,4.44
2013-10-26,4.37
2013-10-27,4.31
2013-10-28,4.26
2013-10-29,4.21
2013-10-30,4.16
2013-10-31,4.14
2013-11-01,4.17
2013-11-02,4.3
2013-11-03,4.4
2013-11-04,4.45
2013-11-05,4.42
2013-11-06,4.39
2013-11-07,4.33
2013-11-08,4.28
2013-11-09,4.24
2013-11-10,4.2
2013-11-11,4.16
2013-11-12,4.11
2013-11-13,4.06
2013-11-14,4.0
2013-11-15,3.95
2013-11-16,3.91
2013-11-17,3.92
2013-11-18,3.94
2013-11-19,4.01
2013-11-20,4.11
2013-11-21,4.2
2013-11-22,4.25
2013-11-23,4.26
2013-11-24,4.24
2013-11-25,4.22
2013-11-26,4.19
2013-11-27,4.16
2013-11-28,4.14
2013-11-29,4.12
2013-11-30,4.09
2013-12-01,4.07
2013-12-02,4.04
2013-12-03,4.0
2013-12-04,4.05
2013-12-05,4.14
2013-12-06,4.42
2013-12-07,4.72
2013-12-08,4.94
2013-12-09,5.03
2013-12-10,4.99
2013-12-11,4.87
2013-12-12,4.7
2013-12-13,4.52
2013-12-14,4.36
2013-12-15,4.22
2013-12-16,4.09
2013-12-17,3.96
2013-12-18,3.84
2013-12-19,3.73
2013-12-20,3.63
2013-12-21,3.53
2013-12-22,3.44
2013-12-23,3.36
2013-12-24,3.28
2013-12-25,3.2
2013-12-26,3.12
2013-12-27,3.05
2013-12-28,2.99
2013-12-29,2.93
2013-12-30,2.88
2013-12-31,2.84
2014-01-01,2.8
2014-01-02,2.76
2014-01-03,2.71
2014-01-04,2.66
2014-01-05,2.61
2014-01-06,2.55
2014-01-07,2.49
2014-01-08,2.44
2014-01-09,2.39
2014-01-10,2.34
2014-01-11,2.35
2014-01-12,2.31
2014-01-13,2.37
2014-01-14,2.32
2014-01-15,2.31
2014-01-16,2.32
2014-01-17,2.33
2014-01-18,2.33
2014-01-19,2.32
2014-01-20,2.29
2014-01-21,2.25
2014-01-22,2.21
2014-01-23,2.16
2014-01-24,2.11
2014-01-25,2.06
2014-01-26,2.02
2014-01-27,1.98
2014-01-28,1.95
2014-01-29,1.92
2014-01-30,1.9
2014-01-31,1.87
2014-02-01,1.85
2014-02-02,1.83
2014-02-03,1.81
2014-02-04,1.79
2014-02-05,1.77
2014-02-06,1.75
2014-02-07,1.73
2014-02-08,1.72
2014-02-09,1.7
2014-02-10,1.68
2014-02-11,1.67
2014-02-12,1.65
2014-02-13,1.63
2014-02-14,1.62
2014-02-15,1.6
2014-02-16,1.58
2014-02-17,1.57
2014-02-18,1.55
2014-02-19,1.75
2014-02-20,1.77
2014-02-21,3.09
2014-02-22,5.22
2014-02-23,8.41
2014-02-24,10.3
2014-02-25,10.0
2014-02-26,9.71
2014-02-27,9.15
2014-02-28,8.55
2014-03-01,8.01
2014-03-02,7.42
2014-03-03,6.86
2014-03-04,6.34
2014-03-05,5.83
2014-03-06,5.36
2014-03-07,4.92
2014-03-08,4.56
2014-03-09,4.27
2014-03-10,4.49
2014-03-11,17.9
2014-03-12,45.1
2014-03-13,54.4
2014-03-14,44.6
2014-03-15,33.5
2014-03-16,22.6
2014-03-17,17.8
2014-03-18,16.6
2014-03-19,14.2
2014-03-20,11.7
2014-03-21,10.1
2014-03-22,9.31
2014-03-23,8.57
2014-03-24,7.98
2014-03-25,7.35
2014-03-26,6.79
2014-03-27,6.29
2014-03-28,6.07
2014-03-29,6.25
2014-03-30,6.43
2014-03-31,7.32
2014-04-01,7.91
2014-04-02,9.51
2014-04-03,15.9
2014-04-04,22.5
2014-04-05,39.3
2014-04-06,37.3
2014-04-07,32.8
2014-04-08,28.3
2014-04-09,20.2
2014-04-10,17.3
2014-04-11,16.6
2014-04-12,16.3
2014-04-13,31.1
2014-04-14,44.1
2014-04-15,42.2
2014-04-16,41.1
2014-04-17,31.2
2014-04-18,27.0
2014-04-19,20.3
2014-04-20,18.2
2014-04-21,16.0
2014-04-22,15.7
2014-04-23,14.9
2014-04-24,13.5
2014-04-25,12.1
2014-04-26,11.2
2014-04-27,10.4
2014-04-28,10.1
2014-04-29,9.85
2014-04-30,9.63
2014-05-01,9.42
2014-05-02,9.21
2014-05-03,9.13
2014-05-04,9.1
2014-05-05,9.08
2014-05-06,9.07
2014-05-07,9.1
2014-05-08,11.5
2014-05-09,13.8
2014-05-10,15.3
2014-05-11,15.5
2014-05-12,15.0
2014-05-13,16.3
2014-05-14,15.9
2014-05-15,31.6
2014-05-16,30.2
2014-05-17,30.0
2014-05-18,23.3
2014-05-19,19.6
2014-05-20,18.5
2014-05-21,16.4
2014-05-22,16.2
2014-05-23,15.7
2014-05-24,14.3
2014-05-25,12.7
2014-05-26,11.5
2014-05-27,10.7
2014-05-28,10.3
2014-05-29,10.1
2014-05-30,9.89
2014-05-31,9.66
2014-06-01,9.43
2014-06-02,9.24
2014-06-03,9.07
2014-06-04,8.91
2014-06-05,8.81
2014-06-06,8.74
2014-06-07,8.65
2014-06-08,8.57
2014-06-09,8.47
2014-06-10,8.37
2014-06-11,8.37
2014-06-12,8.42
2014-06-13,8.42
2014-06-14,8.37
2014-06-15,8.26
2014-06-16,8.13
2014-06-17,8.01
2014-06-18,7.91
2014-06-19,7.95
2014-06-20,8.0
2014-06-21,8.04
2014-06-22,8.02
2014-06-23,7.92
2014-06-24,7.79
2014-06-25,7.65
2014-06-26,7.52
2014-06-27,7.4
2014-06-28,7.28
2014-06-29,7.19
2014-06-30,7.14
2014-07-01,7.11
2014-07-02,7.07
2014-07-03,7.02
2014-07-04,6.97
2014-07-05,6.9
2014-07-06,6.83
2014-07-07,39.8
2014-07-08,45.0
2014-07-09,37.7
2014-07-10,34.2
2014-07-11,26.5
2014-07-12,20.9
2014-07-13,21.3
2014-07-14,17.9
2014-07-15,15.8
2014-07-16,15.6
2014-07-17,14.6
2014-07-18,13.1
2014-07-19,11.6
2014-07-20,10.4
2014-07-21,10.0
2014-07-22,9.52
2014-07-23,9.04
2014-07-24,8.69
2014-07-25,8.43
2014-07-26,8.16
2014-07-27,7.91
2014-07-28,7.82
2014-07-29,7.77
2014-07-30,7.69
2014-07-31,7.55
2014-08-01,7.39
2014-08-02,7.24
2014-08-03,7.1
2014-08-04,6.98
2014-08-05,6.87
2014-08-06,6.82
2014-08-07,6.8
2014-08-08,6.78
2014-08-09,6.74
2014-08-10,6.67
2014-08-11,6.58
2014-08-12,6.47
2014-08-13,6.36
2014-08-14,6.25
2014-08-15,6.15
2014-08-16,6.06
2014-08-17,5.98
2014-08-18,5.9
2014-08-19,5.83
2014-08-20,5.86
2014-08-21,5.99
2014-08-22,6.12
2014-08-23,6.19
2014-08-24,6.18
2014-08-25,6.08
2014-08-26,5.94
2014-08-27,5.78
2014-08-28,5.63
2014-08-29,5.49
2014-08-30,5.39
2014-08-31,5.29
2014-09-01,5.21
2014-09-02,5.24
2014-09-03,5.37
2014-09-04,5.51
2014-09-05,5.58
2014-09-06,5.57
2014-09-07,5.48
2014-09-08,5.34
2014-09-09,5.19
2014-09-10,5.05
2014-09-11,4.93
2014-09-12,4.87
2014-09-13,4.86
2014-09-14,4.89
2014-09-15,4.93
2014-09-16,4.92
2014-09-17,4.86
2014-09-18,4.77
2014-09-19,4.67
2014-09-20,4.57
2014-09-21,4.53
2014-09-22,4.54
2014-09-23,4.56
2014-09-24,4.57
2014-09-25,4.53
2014-09-26,4.46
2014-09-27,4.37
2014-09-28,4.29
2014-09-29,4.22
2014-09-30,4.15
2014-10-01,4.08
2014-10-02,4.03
2014-10-03,4.07
2014-10-04,4.16
2014-10-05,4.33
2014-10-06,4.48
2014-10-07,4.56
2014-10-08,4.57
2014-10-09,4.54
2014-10-10,4.52
2014-10-11,4.5
2014-10-12,4.51
2014-10-13,4.52
2014-10-14,4.55
2014-10-15,4.57
2014-10-16,4.59
2014-10-17,4.6
2014-10-18,4.58
2014-10-19,4.55
2014-10-20,4.48
2014-10-21,4.41
2014-10-22,4.33
2014-10-23,4.25
2014-10-24,4.17
2014-10-25,4.09
2014-10-26,4.0
2014-10-27,3.92
2014-10-28,3.84
2014-10-29,3.75
2014-10-30,3.68
2014-10-31,3.6
2014-11-01,3.53
2014-11-02,3.46
2014-11-03,3.4
2014-11-04,3.35
2014-11-05,3.29
2014-11-06,3.25
2014-11-07,3.2
2014-11-08,3.16
2014-11-09,3.13
2014-11-10,3.1
2014-11-11,3.07
2014-11-12,3.05
2014-11-13,3.03
2014-11-14,3.01
2014-11-15,2.99
2014-11-16,2.97
2014-11-17,2.95
2014-11-18,2.93
2014-11-19,2.92
2014-11-20,2.9
2014-11-21,2.88
2014-11-22,2.86
2014-11-23,3.04
2014-11-24,5.75
2014-11-25,13.3
2014-11-26,15.2
2014-11-27,15.6
2014-11-28,14.2
2014-11-29,12.1
2014-11-30,10.2
2014-12-01,9.66
2014-12-02,8.84
2014-12-03,8.3
2014-12-04,7.69
2014-12-05,7.1
2014-12-06,6.56
2014-12-07,6.06
2014-12-08,5.6
2014-12-09,5.17
2014-12-10,4.79
2014-12-11,4.49
2014-12-12,4.24
2014-12-13,4.03
2014-12-14,3.83
2014-12-15,3.75
2014-12-16,3.65
2014-12-17,3.65
2014-12-18,3.74
2014-12-19,3.91
2014-12-20,4.14
2014-12-21,4.37
2014-12-22,4.58
2014-12-23,4.76
2014-12-24,5.34
2014-12-25,8.64
2014-12-26,13.4
2014-12-27,17.6
2014-12-28,19.1
2014-12-29,17.4
2014-12-30,16.2
2014-12-31,15.8
